ID	IRAC_Designation	MIPS_Designation	MCPS_ID	IRSF_ID	IRAC_ID	MIPS_ID	OGLE_ID	RA	DEC	U	U_ERR	B	B_ERR	V	V_ERR	I	I_ERR	J	J_ERR	H	H_ERR	K	K_ERR	[3.6]	3.6ERR	[4.5]	4.5ERR	[5.8]	5.8ERR	[8.0]	8.0ERR	[24]	24ERR	ObjId	SSId	NAME	SpClass	RAJ2000	DEJ2000	AOR	PID	PI	Umag	Bmag	Vmag	Imag	OGLE3ID	<Vmag>	<Imag>	IAmp	Per	2MASS	J2mag	H2mag	Ks2mag	IRSF	Jmag	Hmag	Ksmag	IRAC	[3.6]2	[4.5]2	[5.8]2	[8.0]2	F3.6	F4.5	F5.8	F8.0	MIPS24	[24]	F24	MIPS70	[70]	F70	MIPS160	[160]	F160	HERSCHEL	RAHdeg	DEHdeg	F100P	F160P	F250S	F350S	F500S	mbolph	mbolMcD	TeffMcD	Flag	SSID	Name	SSTISAGE	MACHO	Per.1	Per2	u_Per	OGLE	PerO	Class	RAJ2000.1	DEJ2000.1
44686	SSTISAGEMA_J043721.15-703444.7	SSTM1SAGE1_J043721.19-703444.7	115469415	0	1536203124	1529309681	1617764275	69.338158	-70.579099	99.999	99.999	18.307	0.05	16.468	0.023	13.943	0.139	12.408	0.023	11.488	0.021	11.191	0.021	10.905	0.023	10.805	0.022	10.688	0.027	10.491	0.029	9.616	0.057	1	1	    NGC 1651 SAGE IRS 1	    OAGB	69.3381	-70.579	22399232	40159	      Kemper		18.307	16.468	13.943	OGLE-LMC-LPV-00749	16.623	13.985	0.057	100.76	2MASS J04372116-7034447	12.408	11.488	11.191					SSTISAGEMA J043721.15-703444.7	10.9099	10.8052	10.6874	10.5041	0.01215	0.008559	0.0061	0.0041	SSTM1SAGE1 J043721.19-703444.7	9.6408	0.001															-4.25	-4.13	3156	0	1	NGC 1651 SAGE IRS 1      	MC J043721.15-703444.7					LPV.-00749	101	O-AGB          	04 37 21.15	-70 34 44.57
9760	SSTISAGEMA_J050428.91-674123.9	SSTM1SAGE1_J050428.87-674124.0	123536222	1003491274	1537660472	1529266599	1607816888	76.120493	-67.689985	18.8	0.074	18.412	0.034	16.597	0.031	12.442	0.063	11.16	0.02	10.35	0.02	9.392	0.025	9.209	0.032	8.984	0.032	8.725	0.021	7.988	0.019	5.678	0.012	38	38	             MSX LMC 61	    OAGB	76.1205	-67.6898	22408704	40159	      Kemper	18.8	18.412	16.597	12.442	OGLE-LMC-LPV-15419	19.652	14.477	3.115	577.2	2MASS J05042893-6741238	10.931	9.969	9.392	05042893-6741239	11.16	10.35		SSTISAGEMA J050428.91-674123.9	9.2089	8.9952	8.728	8.0013	0.05821	0.04534	0.0371	0.0409	SSTM1SAGE1 J050428.87-674124.0	5.6202	0.0405															-5.91	-5.67	2929	0	38	MSX LMC 61               	MC J050428.91-674123.9	25.3951.67   	576	1585		LPV.-15419	577	O-AGB          	05 04 28.91	-67 41 23.43
12215	SSTISAGEMA_J050759.35-683925.8	SSTM1SAGE1_J050759.38-683926.0	105261612	1004282859	1538026323	1529268788	1608591353	76.997327	-68.65718	99.999	99.999	19.756	0.205	16.687	0.064	14.524	0.076	13.35	0.01	12.45	0.01	12.07	0.01	11.181	0.034	10.563	0.026	9.909	0.026	8.954	0.023	6.864	0.023	54	54		    OAGB	76.9974	-68.6572	22412032	40159	      Kemper		19.756	16.687	14.524	OGLE-LMC-LPV-20082	17.123	14.761	0.1	150.34	2MASS J05075937-6839257	13.299	12.317	11.958	05075938-6839259	13.35	12.45	12.07	SSTISAGEMA J050759.35-683925.8	11.1804	10.5649	9.9182	8.967	0.009471	0.01068	0.0124	0.0168	SSTM1SAGE1 J050759.38-683926.0	6.8227	0.0134															-3.76	-3.64	2969	0	54		MC J050759.35-683925.8	19.4541.306  	359	362		LPV.-20082	150	O-AGB          	05 07 59.36	-68 39 25.71
13194	SSTISAGEMA_J050926.57-690656.3	SSTM1SAGE1_J050926.49-690656.5	105519882	1004638364	1538184829	1529329343	1605942759	77.360733	-69.115641	18.585	0.087	17.436	0.036	15.771	0.035	13.331	0.044	11.65	0.02	10.74	0.02	10.48	0.03	10.227	0.045	10.377	0.026	10.226	0.034	10.177	0.032	9.928	0.079	58	58	             BMB-BW 180	    OAGB	77.3608	-69.1157	22413056	40159	      Kemper	18.585	17.436	15.771	13.331	OGLE-LMC-LPV-22320	15.746	13.192	0.035	68.4	2MASS J05092659-6906563	11.609	10.707	10.385	05092659-6906562	11.65	10.74	10.48	SSTISAGEMA J050926.57-690656.3	10.2261	10.3688	10.2244	10.1905	0.02281	0.0128	0.0094	0.0054	SSTM1SAGE1 J050926.49-690656.5	9.9279	0.0008															-4.97	-4.9	3270	0	58	BMB-BW 180               	MC J050926.57-690656.3	79.4655.3986 	69	69		LPV.-22320	68	O-AGB          	05 09 26.44	-69 06 56.99
14299	SSTISAGEMA_J051059.07-685613.7	SSTM1SAGE1_J051058.98-685613.7	105793038	1005014138	1538356514	1529268790	0	77.74615	-68.937163	18.511	0.102	17.961	0.125	15.692	0.035	12.565	0.064	10.79	0.03	9.853	0.027	9.528	0.025	9.121	0.027	9.181	0.014	8.916	0.019	8.581	0.014	6.865	0.02	61	61		    OAGB	77.7461	-68.9372	22414336	40159	      Kemper	18.511	17.961	15.692	12.565	OGLE-LMC-LPV-24921	15.983	12.795	0.111	169.05	2MASS J05105908-6856137	10.813	9.853	9.528	05105909-6856137	10.79			SSTISAGEMA J051059.07-685613.7	9.1186	9.1855	8.9158	8.5947	0.06326	0.03805	0.0312	0.0237	SSTM1SAGE1 J051058.98-685613.7	6.8296	0.0133															-5.85	-5.73	3068	0	61		MC J051059.07-685613.7	79.5021.10   	175	280		LPV.-24921	169	O-AGB          	05 10 59.06	-68 56 13.82
15152	SSTISAGEMA_J051213.54-683922.8	SSTM1SAGE1_J051213.55-683922.5	106013466	1005321671	1538497092	1529273485	1605241063	78.056428	-68.65636	99.999	99.999	19.073	0.152	17.741	0.05	14.068	0.04	12.23	0.01	11.33	0.01	10.97	0.02	10.681	0.019	10.645	0.024	10.492	0.02	10.053	0.025	8.009	0.022	63	63		    OAGB	78.0563	-68.6563	22414848	40159	      Kemper		19.073	17.741	14.068	OGLE-LMC-LPV-27065	17.49	14.204	0.081	111.16	2MASS J05121357-6839228	12.276	11.334	10.965	05121355-6839229	12.23	11.33	10.97	SSTISAGEMA J051213.54-683922.8	10.6793	11.1222	10.492	10.0738	0.01503	0.006392	0.0073	0.0061	SSTM1SAGE1 J051213.55-683922.5	8.0266	0.0044															-4.37	-4.14	2800	0	63		MC J051213.54-683922.8	2.5146.30    	846	847		LPV.-27065	111	O-AGB          	05 12 13.57	-68 39 22.47
16371	SSTISAGEMA_J051339.94-663852.5	SSTM1SAGE1_J051340.00-663852.3	106264627	1005674747	1538662480	1529287878	1604216553	78.416428	-66.647921	20.504	0.258	18.98	0.06	17.12	0.038	14.006	0.051	12.25	0.01	11.38	0.01	11.04	0.01	10.764	0.019	10.747	0.017	10.591	0.02	10.344	0.019	9.02	0.037	67	67		    OAGB	78.4162	-66.648	22415616	40159	      Kemper	20.504	18.98	17.12	14.006	OGLE-LMC-LPV-29579	16.937	13.995	0.219	741.8	2MASS J05133993-6638526	12.259	11.316	10.99	05133995-6638526	12.25	11.38	11.04	SSTISAGEMA J051339.94-663852.5	10.7658	10.7506	10.5948	10.3588	0.01388	0.009001	0.0066	0.0047	SSTM1SAGE1 J051340.00-663852.3	9.034	0.0017															-4.35	-4.22	3057	0	67		MC J051339.94-663852.5	58.5418.23   	831	843		LPV.-29579	742	O-AGB          	05 13 39.87	-66 38 52.70
71516	SSTISAGEMA_J051341.40-652828.2	SSTM1SAGE1_J051341.43-652828.0	0	0	1538665254	1529319506	0	78.422529	-65.474515	99.999	99.999	99.999	99.999	99.999	99.999	99.999	99.999	11.412	0.021	10.496	0.024	10.229	0.019	9.996	0.025	10.175	0.023	9.991	0.029	9.93	0.029	9.785	0.068	68	68	     NGC 1866 Robb B136	    OAGB	78.4226	-65.4744	22416128	40159	      Kemper										2MASS J05134141-6528282	11.412	10.496	10.229					SSTISAGEMA J051341.40-652828.2	9.9931	10.1725	9.9906	9.9432	0.02827	0.01533	0.0116	0.0068	SSTM1SAGE1 J051341.43-652828.0	9.7848	0.0009															-5.31	-5	2673	0	68	NGC 1866 Robb B136       	MC J051341.40-652828.2	59.5436.11   	122	122				O-AGB          	05 13 41.42	-65 28 27.91
17054	SSTISAGEMA_J051412.33-685058.0	SSTM1SAGE1_J051412.38-685058.0	106360468	1005808093	1538725460	1529291687	1604962913	78.5514	-68.849455	20.186	0.202	19.109	0.051	17.52	0.038	14.16	0.054	12.42	0.03	11.42	0.02	11.18	0.02	10.87	0.024	10.873	0.029	10.687	0.03	10.51	0.028	9.155	0.039	72	72		    OAGB	78.5514	-68.8495	22416896	40159	      Kemper	20.186	19.109	17.52	14.16	OGLE-LMC-LPV-30640		14.055	0.357	794.9	2MASS J05141234-6850579	12.331	11.369	11.067	05141235-6850580	12.42	11.42	11.18	SSTISAGEMA J051412.33-685058.0	10.8709	10.8772	10.6816	10.5203	0.01259	0.008011	0.0061	0.004	SSTM1SAGE1 J051412.38-685058.0	9.181	0.0015															-4.24	-4.14	3073	0	72		MC J051412.33-685058.0	79.5506.20   	694			LPV.-30640	795	O-AGB          	05 14 12.32	-68 50 58.29
17533	SSTISAGEMA_J051612.42-704930.3	SSTM1SAGE1_J051612.53-704930.6	106709553	1006303520	1538961231	1529295364	1603725786	79.051769	-70.825085	20.383	0.171	19.114	0.037	17.247	0.029	13.896	0.029	12.21	0.02	11.39	0.01	11.03	0.02	10.78	0.024	10.83	0.024	10.68	0.034	10.47	0.025	9.272	0.049	77	77		    OAGB	79.0521	-70.8251	22417920	40159	      Kemper	20.383	19.114	17.247	13.896	OGLE-LMC-LPV-34633	17.246	14.003	0.226	767.7	2MASS J05161243-7049302	12.258	11.355	11.077	05161244-7049302	12.21	11.39	11.03	SSTISAGEMA J051612.42-704930.3	10.7752	10.8323	10.6794	10.4821	0.01376	0.008349	0.0062	0.0042	SSTM1SAGE1 J051612.53-704930.6	9.2766	0.0014															-4.36	-4.19	3055	0	77		MC J051612.42-704930.3	13.5840.19   	746	776		LPV.-34633	768	O-AGB          	05 16 12.52	-70 49 30.18
19333	SSTISAGEMA_J051747.18-681842.6	SSTM1SAGE1_J051747.09-681842.6	113295602	1006696397	1539150338	1529284121	1602141773	79.446609	-68.31186	99.999	99.999	19.743	0.119	17.727	0.1	14.757	0.049	13.15	0.02	12.28	0.01	11.98	0.01	11.683	0.028	11.586	0.024	11.403	0.037	10.679	0.031	8.857	0.055	79	79		    OAGB	79.4466	-68.3119	22418688	40159	      Kemper		19.743	17.727	14.757	OGLE-LMC-LPV-37798	17.568	14.785	0.092	79.5	2MASS J05174720-6818426	13.137	12.175	11.902	05174720-6818426	13.15	12.28	11.98	SSTISAGEMA J051747.18-681842.6	11.6779	11.5846	11.4029	10.6925	0.005989	0.004176	0.0032	0.0034	SSTM1SAGE1 J051747.09-681842.6	8.8379	0.0021															-3.5	-3.32	2956	0	79		MC J051747.18-681842.6					LPV.-37798	80	O-AGB          	05 17 47.16	-68 18 42.64
19182	SSTISAGEMA_J051811.08-672648.5	SSTM1SAGE1_J051811.10-672648.6	116108698	1006791558	1539198310	1529268826	0	79.546194	-67.446818	18.213	0.053	17.002	0.038	15.104	0.021	11.838	0.042	10.29	0.02	9.4	0.03	9.064	0.025	8.798	0.034	8.92	0.04	8.625	0.022	8.464	0.022	6.881	0.017	82	82	                HV 5715	    OAGB	79.546	-67.4469	22419456	40159	      Kemper	18.213	17.002	15.104	11.838						2MASS J05181108-6726486	10.364	9.433	9.064	05181108-6726487	10.29	9.4		SSTISAGEMA J051811.08-672648.5	8.7879	8.923	8.6328	8.475	0.08579	0.04845	0.0405	0.0264	SSTM1SAGE1 J051811.10-672648.6	6.9327	0.0121															-6.32	-6.16	3100	0	82	HV 5715                  	MC J051811.08-672648.5	49.6132.10   	416	886				O-AGB          	05 18 11.05	-67 26 48.92
20431	SSTISAGEMA_J052014.24-702931.0	SSTM1SAGE1_J052014.08-702931.0	123823642	1007314740	1539442281	1529294012	1603087638	80.059335	-70.491951	20.209	0.108	18.281	0.057	16.575	0.155	14.017	0.053	12.43	0.02	11.58	0.01	11.26	0.02	11.111	0.03	11.041	0.026	10.902	0.031	10.654	0.033	9.231	0.049	89	89		    OAGB	80.0597	-70.492	22420736	40159	      Kemper	20.209	18.281	16.575	14.017	OGLE-LMC-LPV-42635	16.573	14.01	0.175	685.9	2MASS J05201425-7029309	12.528	11.571	11.282	05201425-7029310	12.43	11.58	11.26	SSTISAGEMA J052014.24-702931.0	11.1133	11.0504	10.8944	10.6573	0.01008	0.00683	0.005	0.0035	SSTM1SAGE1 J052014.08-702931.0	9.3703	0.0013															-4.16	-4.03	3222	0	89		MC J052014.24-702931.0	6.6450.20    	423	624		LPV.-42635	686	O-AGB          	05 20 14.31	-70 29 31.33
49522	SSTISAGEMA_J052051.83-693407.6	SSTM1SAGE1_J052051.84-693407.8	0	1007465416	1539517208	1529276437	1602574375	80.215982	-69.568783	99.999	99.999	99.999	99.999	99.999	99.999	99.999	99.999	12.31	0.01	11.47	0.01	11.14	0.01	10.828	0.026	10.803	0.021	10.619	0.032	10.201	0.023	8.346	0.025	91	91		    OAGB	80.216	-69.5689	22421248	40159	      Kemper					OGLE-LMC-LPV-43982	17.174	14.114	0.323	779	2MASS J05205184-6934076	12.358	11.41	11.084	05205183-6934077	12.31	11.47	11.14	SSTISAGEMA J052051.83-693407.6	10.8319	10.8079	10.6193	10.2223	0.01306	0.008539	0.0065	0.0053	SSTM1SAGE1 J052051.84-693407.8	8.3633	0.0032															-4.02	-4.16	2673	0	91		MC J052051.83-693407.6	78.6584.36   	732	770		LPV.-43982	779	O-AGB          	05 20 51.86	-69 34 08.04
21092	SSTISAGEMA_J052101.66-691417.5	SSTM1SAGE1_J052101.65-691417.4	113482772	1007507208	1539536731	1529270522	1600592829	80.256923	-69.238207	20.021	0.162	17.903	0.063	16.189	0.054	13.372	0.125	11.7	0.02	10.83	0.02	10.52	0.025	10.222	0.019	10.343	0.02	10.109	0.022	9.404	0.022	7.431	0.02	93	93		    OAGB	80.257	-69.2381	22421760	40159	      Kemper	20.021	17.903	16.189	13.372	OGLE-LMC-LPV-44309	16.227	13.386	0.088	92.19	2MASS J05210166-6914174	11.718	10.809	10.52	05210166-6914174	11.7	10.83		SSTISAGEMA J052101.66-691417.5	10.232	10.3391	10.1175	9.4257	0.02269	0.01315	0.0103	0.011	SSTM1SAGE1 J052101.65-691417.4	7.4099	0.0078															-4.93	-4.75	3100	0	93		MC J052101.66-691417.5	80.6589.15   	130	217		LPV.-44309	92	O-AGB          	05 21 01.71	-69 14 17.07
21867	SSTISAGEMA_J052206.92-715017.7	SSTM1SAGE1_J052206.94-715017.7	116998066	1007772592	1539666536	1529271720	1603911327	80.528853	-71.838263	19.545	0.167	18.459	0.039	16.738	0.038	13.832	0.037	12.41	0.01	11.59	0.01	11.28	0.01	10.998	0.026	10.947	0.022	10.736	0.031	9.661	0.022	7.708	0.024	96	96		    OAGB	80.5288	-71.8383	22422528	40159	      Kemper	19.545	18.459	16.738	13.832	OGLE-LMC-LPV-46603	16.775	14.036	0.061	81.24	2MASS J05220692-7150177	12.404	11.472	11.203	05220693-7150177	12.41	11.59	11.28	SSTISAGEMA J052206.92-715017.7	11.0032	10.9564	10.7354	9.678	0.01115	0.007447	0.0058	0.0087	SSTM1SAGE1 J052206.94-715017.7	7.7046	0.0059															-4.28	-4.15	3227	0	96		MC J052206.92-715017.7					LPV.-46603	81	O-AGB          	05 22 06.91	-71 50 17.89
22408	SSTISAGEMA_J052254.97-693651.7	SSTM1SAGE1_J052254.98-693652.0	107925497	1007973098	1539761481	1529277930	1620208785	80.729077	-69.614388	99.999	99.999	18.311	0.091	16.841	0.083	14.203	0.053	12.83	0.02	12.03	0.01	11.67	0.01	11.185	0.039	11.046	0.029	10.841	0.033	10.335	0.024	8.473	0.026	99	99	     SHV 0523185-693932	    OAGB	80.729	-69.6145	22423552	40159	      Kemper		18.311	16.841	14.203	OGLE-LMC-LPV-48376	17.8	14.687	0.963	208.3	2MASS J05225497-6936519	12.739	11.772	11.439	05225497-6936520	12.83	12.03	11.67	SSTISAGEMA J052254.97-693651.7	11.1816	11.0717	10.8447	10.3577	0.009461	0.006697	0.0053	0.0047	SSTM1SAGE1 J052254.98-693652.0	8.508	0.0028															-3.91	-3.87	3178	0	99	SHV 0523185-693932       	MC J052254.97-693651.7	78.6947.2742 	209	209		LPV.-48376	208	O-AGB          	05 22 54.96	-69 36 52.34
25385	SSTISAGEMA_J052620.10-693902.1	SSTM1SAGE1_J052620.11-693902.3	118264777	1008856658	1540168371	1529275415	1620065137	81.583789	-69.65061	21.33	0.527	19.693	0.174	17.641	0.051	14.216	0.199	12.15	0.01	11.3	0.01	10.96	0.01	10.653	0.021	10.819	0.02	10.544	0.021	10.207	0.023	8.239	0.028	110	110		    OAGB	81.5838	-69.6507	22426112	40159	      Kemper	21.33	19.693	17.641	14.216	OGLE-LMC-LPV-55565	17.848	14.234	0.392	810.2	2MASS J05262011-6939022	12.262	11.381	11.101	05262010-6939022	12.15	11.3	10.96	SSTISAGEMA J052620.10-693902.1	10.6466	10.8163	10.5397	10.2199	0.01548	0.008473	0.007	0.0053	SSTM1SAGE1 J052620.11-693902.3	8.2993	0.0034															-4.36	-4.1	2828	0	110	OGLE J052620.25-693902.4 	MC J052620.10-693902.1	77.7430.51   	820			LPV.-55565	810	O-AGB          	05 26 20.15	-69 39 02.59
30815	SSTISAGEMA_J053343.27-705921.1	SSTM1SAGE1_J053343.28-705921.7	121299373	1010834762	1541028050	1529279532	0	83.430321	-70.989213	16.799	0.061	15.856	0.071	14.775	0.057	12.043	0.146	10.9	0.02	9.99	0.03	9.646	0.026	9.416	0.044	9.57	0.019	9.383	0.028	9.32	0.023	8.594	0.029	142	142		    OAGB	83.43	-70.9892	22433536	40159	      Kemper	16.799	15.856	14.775	12.043	OGLE-LMC-LPV-69535	15.29	12.617	0.079	106.02	2MASS J05334325-7059209	10.893	9.952	9.646	05334324-7059211	10.9	9.99		SSTISAGEMA J053343.27-705921.1	9.4147	9.5687	9.3835	9.3272	0.04816	0.02674	0.0203	0.0121	SSTM1SAGE1 J053343.28-705921.7	8.5312	0.0028															-5.83	-5.79	3418	0	142		MC J053343.27-705921.1	14.8620.13   	151	182		LPV.-69535	106	O-AGB          	05 33 43.18	-70 59 21.16
30856	SSTISAGEMA_J053343.98-705901.9	SSTM1SAGE1_J053343.89-705902.1	109952270	1010838011	1541029325	1529278732	1625753249	83.433288	-70.983874	18.72	0.089	17.561	0.11	16.66	0.152	13.243	0.044	11.5	0.02	10.62	0.02	10.33	0.03	10.08	0.025	10.147	0.022	9.945	0.022	9.843	0.029	8.535	0.029	143	143		    OAGB	83.4334	-70.9837	22433792	40159	      Kemper	18.72	17.561	16.66	13.243	OGLE-LMC-LPV-69554	16.573	13.392	0.353	147.89	2MASS J05334396-7059017	11.495	10.556	10.225	05334397-7059018	11.5	10.62	10.33	SSTISAGEMA J053343.98-705901.9	10.069	10.1484	9.9533	9.8557	0.02636	0.01568	0.012	0.0074	SSTM1SAGE1 J053343.89-705902.1	8.5116	0.0028															-5.09	-5.02	3209	0	143		MC J053343.98-705901.9	14.8620.21   	146	1080		LPV.-69554	148	O-AGB          	05 33 44.00	-70 59 01.14
32830	SSTISAGEMA_J053548.07-703146.6	SSTM1SAGE1_J053548.07-703146.8	110323178	1011386473	1541247121	1529282887	1624868570	83.950295	-70.529616	19.9	0.15	19.101	0.257	17.275	0.042	14.043	0.042	12.02	0.02	11.18	0.01	10.79	0.02	10.52	0.024	10.604	0.023	10.463	0.026	10.226	0.023	8.794	0.028	148	148		    OAGB	83.9503	-70.5296	22435072	40159	      Kemper	19.9	19.101	17.275	14.043	OGLE-LMC-LPV-72897	17.546	14.006	0.27	953.3	2MASS J05354806-7031464	12.057	11.144	10.77	05354806-7031465	12.02	11.18	10.79	SSTISAGEMA J053548.07-703146.6	10.5234	10.609	10.4741	10.2422	0.01735	0.01025	0.0074	0.0052	SSTM1SAGE1 J053548.07-703146.8	8.7734	0.0022															-4.53	-4.39	3049	0	148		MC J053548.07-703146.6	11.8990.10   	965	981		LPV.-72897	953	O-AGB          	05 35 48.02	-70 31 46.92
33242	SSTISAGEMA_J053655.60-681124.6	SSTM1SAGE1_J053655.48-681124.7	116772906	1011683910	1541360615	1529277155	1626749372	84.23168	-68.190188	20.705	0.198	19.701	0.046	17.715	0.04	13.935	0.039	12.39	0.02	11.52	0.01	11.13	0.02	10.796	0.025	10.953	0.026	10.725	0.03	10.283	0.026	8.41	0.04	152	152		    OAGB	84.2316	-68.1902	22436096	40159	      Kemper	20.705	19.701	17.715	13.935	OGLE-LMC-LPV-74445	18.153	14.475	0.479	747.6	2MASS J05365560-6811246	12.241	11.285	10.953	05365561-6811247	12.39	11.52	11.13	SSTISAGEMA J053655.60-681124.6	10.8004	10.9664	10.7211	10.2986	0.01344	0.007378	0.0059	0.0049	SSTM1SAGE1 J053655.48-681124.7	8.4215	0.0031															-4.31	-4.16	2900	0	152		MC J053655.60-681124.6	8.9146.17    	752	810		LPV.-74445	748	O-AGB          	05 36 55.68	-68 11 24.31
34832	SSTISAGEMA_J053945.40-665809.4	SSTM1SAGE1_J053945.38-665809.3	110979940	1012380705	1541626699	1529273818	0	84.939189	-66.969305	19.847	0.106	17.613	0.071	16.381	0.019	13.441	0.039	12.03	0.01	11.17	0.01	10.91	0.01	10.625	0.03	10.604	0.025	10.419	0.026	9.89	0.024	8.055	0.031	159	159	              WOH G 449	    OAGB	84.9394	-66.9694	22438144	40159	      Kemper	19.847	17.613	16.381	13.441						2MASS J05394540-6658094	12.11	11.149	10.869	05394541-6658095	12.03	11.17	10.91	SSTISAGEMA J053945.40-665809.4	10.623	10.6001	10.4191	9.9056	0.01582	0.01034	0.0078	0.0071	SSTM1SAGE1 J053945.38-665809.3	8.0685	0.0042															-4.61	-4.48	3226	0	159		MC J053945.40-665809.4	67.9648.7    	125	126				O-AGB          	05 39 45.46	-66 58 09.75
35902	SSTISAGEMA_J054114.56-713236.0	SSTM1SAGE1_J054114.51-713236.2	116141057	1012713482	1541760183	1529271033	1629576697	85.310694	-71.543338	17.701	0.042	17.412	0.037	16.39	0.032	14.58	0.03	13.27	0.01	12.38	0.01	12.01	0.01	11.208	0.023	10.778	0.022	10.258	0.029	9.454	0.023	7.56	0.022	166	166		    OAGB	85.3107	-71.5434	22440448	40159	      Kemper	17.701	17.412	16.39	14.58						2MASS J05411457-7132359	13.228	12.277	11.937	05411457-7132359	13.27	12.38	12.01	SSTISAGEMA J054114.56-713236.0	11.2112	10.7765	10.2622	9.473	0.009206	0.008789	0.009	0.0105	SSTM1SAGE1 J054114.51-713236.2	7.555	0.0068															-3.75	-3.86	3590	0	166		MC J054114.56-713236.0	15.9822.4    	583					O-AGB          	05 41 14.58	-71 32 36.01
38332	SSTISAGEMA_J054230.55-694857.3	SSTM1SAGE1_J054230.46-694857.1	119428705	1012985491	1541873456	1529280865	0	85.627333	-69.81593	18.613	0.099	17.537	0.032	15.761	0.03	12.608	0.124	10.8	0.02	9.79	0.03	9.518	0.021	9.305	0.035	9.458	0.021	9.243	0.026	9.021	0.028	8.677	0.039	173	173	              WOH G 494	    OAGB	85.6272	-69.8159	22442240	40159	      Kemper	18.613	17.537	15.761	12.608	OGLE-LMC-LPV-80890	15.876	12.724	0.13	169.84	2MASS J05423054-6948574	10.801	9.867	9.518	05423054-6948574	10.8	9.79		SSTISAGEMA J054230.55-694857.3	9.3046	9.4592	9.2441	9.0329	0.0533	0.02957	0.0231	0.0158	SSTM1SAGE1 J054230.46-694857.1	8.6394	0.0025															-5.81	-5.67	3100	0	173	WOH G 494                	MC J054230.55-694857.3	76.10090.12  	183	333		LPV.-80890	170	O-AGB          	05 42 30.51	-69 48 57.47
37417	SSTISAGEMA_J054314.12-703835.1	SSTM1SAGE1_J054314.17-703835.2	118578094	1013129051	1541935997	1529293436	0	85.808837	-70.643091	17.42	0.201	16.964	0.091	15.458	0.059	12.642	0.096	11.12	0.01	10.12	0.03	9.883	0.026	9.608	0.022	9.742	0.02	9.538	0.024	9.454	0.025	9.214	0.042	178	178		    OAGB	85.8092	-70.6431	22443776	40159	      Kemper	17.42	16.964	15.458	12.642	OGLE-LMC-LPV-81615	15.955	13.002	0.11	161.67	2MASS J05431413-7038351	11.163	10.21	9.883	05431413-7038352	11.12	10.12		SSTISAGEMA J054314.12-703835.1	9.6061	9.7427	9.5417	9.4745	0.04038	0.02277	0.0175	0.0105	SSTM1SAGE1 J054314.17-703835.2	9.0726	0.0017															-5.53	-5.46	3313	0	178		MC J054314.12-703835.1	12.10198.12  	156	467		LPV.-81615	162	O-AGB          	05 43 14.23	-70 38 35.12
40441	SSTISAGEMA_J054406.01-683753.6	SSTM1SAGE1_J054405.96-683753.5	111695101	1013296483	1542007881	1529269107	0	86.025063	-68.631574	18.033	0.079	17.64	0.036	14.863	0.237	11.971	0.044	10.25	0.03	9.33	0.03	9.134	0.023	8.727	0.03	8.756	0.033	8.483	0.021	8.245	0.019	6.995	0.02	180	180		    OAGB	86.0254	-68.6316	22444288	40159	      Kemper	18.033	17.64	14.863	11.971	OGLE-LMC-LPV-82411	15.928	12.567	0.55	238.7	2MASS J05440602-6837535	10.447	9.484	9.134	05440602-6837536	10.25	9.33		SSTISAGEMA J054406.01-683753.6	8.721	8.754	8.4794	8.2598	0.09123	0.05661	0.0467	0.0322	SSTM1SAGE1 J054405.96-683753.5	6.9871	0.0115															-6.29	-6.14	3100	0	180		MC J054406.01-683753.6	33.10349.11  	470	554		LPV.-82411	239	O-AGB          	05 44 06.10	-68 37 53.68
37999	SSTISAGEMA_J054440.11-691149.0	SSTM1SAGE1_J054440.09-691149.3	111784436	1013403399	1542054095	1529270679	1630799280	86.167149	-69.196968	20.573	0.217	18.392	0.051	16.643	0.035	14.364	0.04	13.02	0.02	12.19	0.01	11.92	0.01	11.749	0.02	11.789	0.027	11.585	0.03	10.414	0.025	7.477	0.02	182	182		    OAGB	86.1671	-69.197	22444800	40159	      Kemper	20.573	18.392	16.643	14.364	OGLE-LMC-LPV-82889	16.763	14.459	0.055	98.68	2MASS J05444011-6911491	13.057	12.15	11.91	05444012-6911491	13.02	12.19	11.92	SSTISAGEMA J054440.11-691149.0	11.7668	11.8104	11.6219	10.4396	0.005519	0.003392	0.0026	0.0043	SSTM1SAGE1 J054440.09-691149.3	7.5028	0.0072															-3.68	-3.48	3278	0	182		MC J054440.11-691149.0					LPV.-82889	99	O-AGB          	05 44 40.08	-69 11 49.11
43557	SSTISAGEMA_J060053.62-680038.8	SSTM1SAGE1_J060053.65-680038.8	100876936	0	1542836312	1529287946	0	90.223425	-68.010793	19.702	0.181	18.799	0.037	16.969	0.037	13.537	0.033	11.902	0.023	11.028	0.023	10.68	0.021	10.495	0.026	10.448	0.023	10.313	0.029	10.138	0.029	9.024	0.04	197	197		    OAGB	90.2234	-68.0108	22448384	40159	      Kemper	19.702	18.799	16.969	13.537						2MASS J06005362-6800389	11.902	11.028	10.68					SSTISAGEMA J060053.62-680038.8	10.4969	10.4493	10.3134	10.1497	0.01777	0.01188	0.0086	0.0057	SSTM1SAGE1 J060053.65-680038.8	8.9824	0.0018															-4.7	-4.55	3100	0	197		MC J060053.62-680038.8	74.13142.12  	281	887				O-AGB          	06 00 53.60	-68 00 39.08
27327	SSTISAGEMA_J052836.69-692004.1	SSTM1SAGE1_J052836.70-692004.1	122488106	1009459765	1540439666	1529268151	1618983155	82.152884	-69.334476	21.476	0.212	16.218	0.032	18.205	0.107	11.346	0.111	10.33	0.03	8.836	0.022	8.447	0.02	8.423	0.032	8.25	0.029	8.069	0.02	7.798	0.02	6.578	0.015	552	4468	                HV 2572	    OAGB	82.1533	-69.3345	6014208	200	       Houck	21.476	16.218	18.205	11.346	OGLE-LMC-LPV-60189	15.114	12.178	2.451	604.9	2MASS J05283670-6920040	9.795	8.836	8.447	05283672-6920041	10.33			SSTISAGEMA J052836.69-692004.1	8.6313	8.243	8.0649	7.8053	0.09909	0.09065	0.0684	0.049	SSTM1SAGE1 J052836.70-692004.1	6.456	0.0188															-6.86	-6.55	2673	0												
46242	SSTISAGEMA_J053159.34-663838.6	SSTM1SAGE1_J053159.33-663838.8	0	1010373059	1540834470	1529268436	0	82.99726	-66.644077	99.999	99.999	99.999	99.999	99.999	99.999	99.999	99.999	8.028	0.021	7.164	0.022	6.932	0.026	6.784	0.028	6.988	0.025	6.821	0.019	6.793	0.017	6.707	0.021	588	4518	            MSX LMC 819	    OAGB	82.9975	-66.6441	11239680	3591	      Kemper										2MASS J05315933-6638386	8.028	7.164	6.932	05315936-6638385				SSTISAGEMA J053159.34-663838.6	6.7803	6.9837	6.8227	6.8085	0.5451	0.2891	0.2146	0.1227	SSTM1SAGE1 J053159.33-663838.8	6.7414	0.0144															-8.7	-8.75	3473	1												
2855213	SSTISAGEMA_J052323.12-694621.3		116310025	1008094978	1539817121	0	1620384243	80.846374	-69.772602	19.103	0.104	18.036	0.073	16.566	0.07	13.475	0.078	11.94	0.01	11.08	0.01	10.77	0.01	10.545	0.024	10.734	0.022	10.596	0.032	10.407	0.029	99.999	99.999																																																																				
2831130	SSTISAGEMA_J052307.44-694257.6		107971298	1008026922	1539786147	0	1620447236	80.781006	-69.71601	20.015	0.311	18.482	0.176	17.366	0.074	13.524	0.126	11.82	0.01	10.96	0.02	10.58	0.02	10.185	0.035	10.36	0.026	10.179	0.026	10.1	0.031	99.999	99.999																																																																				
2827609	SSTISAGEMA_J052305.17-693918.7		107960686	1008017060	1539781635	0	1620208790	80.771581	-69.655202	20.258	0.204	18.649	0.07	16.733	0.043	13.942	0.041	12.41	0.01	11.54	0.01	11.25	0.01	10.862	0.023	10.93	0.022	10.753	0.028	10.664	0.033	99.999	99.999																																																																				
2751663	SSTISAGEMA_J052216.78-694951.5		107790087	1007813993	1539686174	0	1602392606	80.569955	-69.830988	99.999	99.999	18.94	0.051	16.931	0.05	14.609	0.06	13.02	0.01	12.06	0.02	11.73	0.01	11.481	0.027	11.634	0.032	11.561	0.036	11.637	0.074	99.999	99.999																																																																				
24498	SSTISAGEMA_J052538.94-694227.1	SSTM1SAGE1_J052538.90-694227.6	108437753	1008673521	1540085531	1529271659	1620508375	81.412285	-69.707543	20.044	0.112	16.905	0.069	16.946	0.056	13.2	0.537	10.82	0.02	9.88	0.02	9.827	0.024	9.158	0.032	9.025	0.02	8.83	0.045	8.73	0.02	7.696	0.021																																																																				
3061630	SSTISAGEMA_J052540.81-693958.6		108442081	1008681578	1540089199	0	1620269645	81.420054	-69.666299	18.702	0.118	16.789	0.144	15.178	0.054	12.49	0.196	11.48	0.02	10.61	0.02	10.37	0.021	10.185	0.021	10.352	0.02	10.19	0.025	10.132	0.031	99.999	99.999																																																																				
2762019	SSTISAGEMA_J052223.34-694713.0		107812946	1007841156	1539699209	0	1602392556	80.597255	-69.786966	20.555	0.232	18.531	0.053	16.668	0.044	14.187	0.062	12.67	0.02	11.78	0.01	11.48	0.01	11.311	0.025	11.409	0.027	11.258	0.022	11.172	0.032	99.999	99.999																																																																				
2858534	SSTISAGEMA_J052325.34-694813.5		108028861	1008104557	1539821456	0	1620384248	80.855624	-69.803763	19.472	0.113	17.833	0.053	16.231	0.129	13.775	0.062	12.19	0.01	11.34	0.01	11.04	0.01	10.87	0.029	10.999	0.027	10.876	0.032	10.821	0.029	99.999	99.999																																																																				
3054749	SSTISAGEMA_J052536.21-694112.1		108427336	1008661873	1540080143	0	1620508371	81.400877	-69.686716	19.162	0.139	16.947	0.085	15.11	0.044	13.488	0.196	11.7	0.01	10.87	0.02	10.65	0.02	10.419	0.025	10.636	0.022	10.451	0.025	10.426	0.033	99.999	99.999																																																																				
3110945	SSTISAGEMA_J052613.05-694023.5		116401371	1008824333	1540154174	0	1620065124	81.55441	-69.673221	20.249	0.246	17.859	0.091	16.128	0.033	14.362	0.049	13.03	0.02	12.21	0.01	11.96	0.01	11.803	0.031	11.962	0.031	11.841	0.035	11.811	0.041	99.999	99.999																																																																				
2863342	SSTISAGEMA_J052328.55-694826.0		120694033	1008118217	1539827789	0	1620384250	80.868975	-69.807233	19.549	0.272	17.782	0.069	16.19	0.031	13.675	0.076	11.94	0.01	11.08	0.01	10.78	0.01	10.618	0.024	10.711	0.025	10.624	0.033	10.513	0.033	99.999	99.999																																																																				
2803977	SSTISAGEMA_J052250.02-694727.2		118075511	1007952408	1539751734	0	1620365518	80.708418	-69.790913	20.51	0.287	18.657	0.073	16.874	0.045	14.334	0.057	12.83	0.01	11.97	0.01	11.69	0.01	11.529	0.025	11.607	0.025	11.488	0.028	11.435	0.049	99.999	99.999																																																																				
3052790	SSTISAGEMA_J052534.85-694850.9		119392035	1008656243	1540077529	0	1620426856	81.395218	-69.814163	19.882	0.149	18.121	0.095	16.631	0.078	13.765	0.105	12.17	0.02	11.35	0.02	11.03	0.02	10.78	0.03	10.953	0.024	10.807	0.026	10.718	0.05	99.999	99.999																																																																				
2764700	SSTISAGEMA_J052225.05-694451.0		112806412	1007848363	1539702589	0	1602457192	80.604407	-69.747527	19.365	0.152	18.469	0.071	16.876	0.063	14.247	0.097	12.57	0.02	11.67	0.01	11.36	0.01	11.028	0.023	11.097	0.028	10.969	0.032	10.869	0.03	99.999	99.999																																																																				
3051967	SSTISAGEMA_J052534.28-694025.5		108421846	1008653740	1540076417	0	1620269638	81.392852	-69.673766	18.345	0.098	16.825	0.117	15.587	0.034	13.278	0.161	11.92	0.01	11.07	0.01	10.84	0.02	10.625	0.021	10.793	0.019	10.631	0.023	10.609	0.025	99.999	99.999																																																																				
2790121	SSTISAGEMA_J052241.14-694044.6		115654782	1007915723	1539734405	0	1620208772	80.671452	-69.679074	20.568	0.31	18.59	0.141	17.082	0.068	14.259	0.052	12.61	0.01	11.72	0.01	11.42	0.01	11.281	0.027	11.422	0.022	11.336	0.032	11.304	0.037	99.999	99.999																																																																				
2911492	SSTISAGEMA_J052400.84-694543.8		115260672	1008256881	1539891112	0	1620467054	81.003506	-69.76218	99.999	99.999	17.525	0.16	15.88	0.043	13.033	0.12	11.9	0.01	11.02	0.01	10.71	0.01	10.571	0.026	10.683	0.02	10.556	0.03	10.507	0.03	99.999	99.999																																																																				
25300	SSTISAGEMA_J052606.55-694553.2	SSTM1SAGE1_J052606.42-694555.3	120296770	1008795274	1540141070	1529320281	1619905490	81.527316	-69.76478	20.277	0.276	17.557	0.077	16.191	0.051	13.69	0.101	12.08	0.02	11.23	0.02	10.94	0.02	10.748	0.025	10.869	0.027	10.73	0.033	10.676	0.032	9.797	0.061																																																																				
22162	SSTISAGEMA_J052226.24-693811.9	SSTM1SAGE1_J052226.25-693811.9	107824456	1007853365	1539704975	1529288436	1602523066	80.60935	-69.636652	17.642	0.057	17.372	0.069	16.108	0.041	13.85	0.053	12.41	0.01	11.55	0.01	11.28	0.01	10.979	0.033	10.937	0.026	10.766	0.028	10.48	0.027	9.043	0.054																																																																				
2811261	SSTISAGEMA_J052254.67-694539.3		115697130	1007971896	1539760879	0	1620447221	80.727821	-69.760935	19.559	0.264	17.318	0.059	15.591	0.044	13.201	0.155	11.8	0.01	10.96	0.01	10.71	0.02	10.501	0.024	10.673	0.02	10.495	0.031	10.467	0.025	99.999	99.999																																																																				
6237451	SSTISAGEMA_J052354.83-694829.2		0	1008230744	1539879187	0	1620384277	80.978466	-69.808121	99.999	99.999	99.999	99.999	99.999	99.999	99.999	99.999	11.93	0.01	11.06	0.02	10.71	0.01	10.508	0.024	10.651	0.019	10.482	0.024	10.333	0.026	99.999	99.999																																																																				
3114670	SSTISAGEMA_J052615.46-693746.8		108549584	1008835505	1540159120	0	1620065127	81.564454	-69.629691	19.91	0.175	18.125	0.085	16.697	0.057	14.368	0.047	12.93	0.02	12.07	0.01	11.77	0.01	11.543	0.021	11.696	0.027	11.53	0.029	11.461	0.033	99.999	99.999																																																																				
2843631	SSTISAGEMA_J052315.62-693952.2		107993927	1008062434	1539802197	0	1620229243	80.815095	-69.66451	99.999	99.999	17.78	0.054	16.004	0.041	13.589	0.059	12.09	0.01	11.21	0.01	10.89	0.01	10.688	0.024	10.862	0.023	10.73	0.026	10.673	0.045	99.999	99.999																																																																				
2908485	SSTISAGEMA_J052358.82-694702.6		108128603	1008248137	1539887136	0	1620384282	80.995111	-69.784083	99.999	99.999	17.969	0.078	16.133	0.038	13.59	0.062	12.24	0.01	11.39	0.02	11.11	0.01	10.933	0.024	11.086	0.024	10.969	0.03	10.923	0.033	99.999	99.999																																																																				
26855	SSTISAGEMA_J052252.62-694619.4	SSTM1SAGE1_J052252.63-694619.8	107917028	1007963430	1539756860	1529327953	1620365521	80.719279	-69.772058	20.033	0.179	19.298	0.063	17.66	0.054	14.452	0.059	12.5	0.01	11.64	0.01	11.32	0.01	11.068	0.028	11.207	0.031	10.967	0.034	10.81	0.033	9.909	0.061																																																																				
2934114	SSTISAGEMA_J052415.87-694356.6		108182635	1008322190	1539920734	0	1620487355	81.066144	-69.732405	99.999	99.999	18.311	0.078	16.653	0.06	15.598	0.266	12.52	0.01	11.59	0.02	11.27	0.01	11.148	0.028	11.276	0.021	11.136	0.034	11.152	0.032	99.999	99.999																																																																				
2783637	SSTISAGEMA_J052237.00-694434.6		107862088	1007898593	1539726334	0	1620447210	80.65419	-69.742963	99.999	99.999	19.332	0.122	17.001	0.051	14.296	0.073	12.35	0.01	11.51	0.01	11.18	0.01	10.923	0.03	11.002	0.036	10.839	0.032	10.765	0.03	99.999	99.999																																																																				
2851522	SSTISAGEMA_J052320.73-694111.0		123225379	1008084566	1539812354	0	1620229246	80.8364	-69.686391	99.999	99.999	18.154	0.077	16.474	0.061	14.017	0.047	12.48	0.01	11.63	0.01	11.34	0.01	11.152	0.027	11.365	0.024	11.197	0.037	11.197	0.062	99.999	99.999																																																																				
2946931	SSTISAGEMA_J052424.43-694145.9		108209289	1008359186	1539937643	0	1620487431	81.101827	-69.696096	99.999	99.999	19.07	0.092	17.377	0.054	14.904	0.079	13.14	0.02	12.18	0.01	11.81	0.01	11.591	0.025	11.734	0.024	11.627	0.042	11.607	0.042	99.999	99.999																																																																				
2835251	SSTISAGEMA_J052310.08-694137.0		107975551	1008038347	1539791411	0	1620467016	80.792014	-69.693616	20.845	0.356	18.331	0.084	16.743	0.091	14.105	0.07	12.59	0.01	11.73	0.01	11.44	0.01	11.258	0.039	11.429	0.026	11.31	0.03	11.276	0.044	99.999	99.999																																																																				
24371	SSTISAGEMA_J052536.51-694348.9	SSTM1SAGE1_J052536.40-694347.4	121829562	1008663203	1540080764	1529364978	1620508372	81.402161	-69.73026	99.999	99.999	18.354	0.11	16.2	0.052	14.121	0.108	12.46	0.02	11.6	0.02	11.31	0.01	11.144	0.029	11.291	0.025	11.149	0.028	11.085	0.027	10.34	0.086																																																																				
2953840	SSTISAGEMA_J052429.07-694449.9		108221288	1008378990	1539946865	0	1620487368	81.12115	-69.747205	99.999	99.999	17.657	0.07	16.439	0.062	13.793	0.092	12.35	0.01	11.49	0.02	11.17	0.01	11.008	0.028	11.173	0.022	11.028	0.028	10.989	0.032	99.999	99.999																																																																				
2901399	SSTISAGEMA_J052354.12-694705.5		108114624	1008227937	1539877848	0	1620384275	80.975535	-69.784874	19.656	0.173	18.058	0.095	16.278	0.06	13.527	0.111	12.28	0.01	11.42	0.01	11.14	0.01	10.97	0.028	11.076	0.033	11.007	0.03	10.951	0.028	99.999	99.999																																																																				
2962655	SSTISAGEMA_J052434.89-694557.7		108240776	1008403844	1539958565	0	1620405289	81.145388	-69.766035	20.354	0.263	17.737	0.055	16.612	0.054	13.741	0.061	12.42	0.01	11.53	0.01	11.24	0.01	11.136	0.024	11.322	0.023	11.22	0.034	11.167	0.03	99.999	99.999																																																																				
2838095	SSTISAGEMA_J052312.00-693952.2		119998772	1008046368	1539795066	0	1620229239	80.800036	-69.66451	20.341	0.217	18.137	0.064	16.459	0.06	14.177	0.063	12.8	0.01	11.92	0.02	11.66	0.01	11.48	0.025	11.664	0.024	11.542	0.033	11.501	0.054	99.999	99.999																																																																				
2832309	SSTISAGEMA_J052308.22-694450.0		107969175	1008030167	1539787683	0	1620447237	80.784261	-69.747227	20.576	0.238	18.085	0.068	16.727	0.05	13.915	0.072	12.56	0.01	11.66	0.01	11.39	0.01	11.213	0.024	11.307	0.022	11.141	0.029	10.972	0.07	99.999	99.999																																																																				
2817394	SSTISAGEMA_J052258.64-694016.6		117222725	1007988633	1539768616	0	1620208789	80.744358	-69.671291	20.486	0.295	18.652	0.051	16.593	0.064	14.542	0.059	12.97	0.01	12.09	0.01	11.83	0.01	11.639	0.025	11.687	0.023	11.546	0.038	11.542	0.041	99.999	99.999																																																																				
2980636	SSTISAGEMA_J052446.85-694950.0		108276923	1008452934	1539982412	0	1620405304	81.195226	-69.830566	99.999	99.999	18.914	0.153	17.42	0.096	14.497	0.058	12.73	0.01	11.84	0.01	11.52	0.01	11.368	0.022	11.447	0.022	11.304	0.034	11.293	0.051	99.999	99.999																																																																				
2939100	SSTISAGEMA_J052419.22-694110.8		108191817	1008336707	1539927322	0	1620249605	81.080118	-69.686341	99.999	99.999	17.721	0.077	16.121	0.08	13.928	0.093	12.45	0.02	11.61	0.01	11.33	0.01	11.128	0.032	11.161	0.023	11.061	0.03	10.984	0.037	99.999	99.999																																																																				
2855213	SSTISAGEMA_J052323.12-694621.3		116310025	1008094978	1539817121	0	1620384243	80.846374	-69.772602	19.103	0.104	18.036	0.073	16.566	0.07	13.475	0.078	11.94	0.01	11.08	0.01	10.77	0.01	10.545	0.024	10.734	0.022	10.596	0.032	10.407	0.029	99.999	99.999																																																																				
2827609	SSTISAGEMA_J052305.17-693918.7		107960686	1008017060	1539781635	0	1620208790	80.771581	-69.655202	20.258	0.204	18.649	0.07	16.733	0.043	13.942	0.041	12.41	0.01	11.54	0.01	11.25	0.01	10.862	0.023	10.93	0.022	10.753	0.028	10.664	0.033	99.999	99.999																																																																				
2863342	SSTISAGEMA_J052328.55-694826.0		120694033	1008118217	1539827789	0	1620384250	80.868975	-69.807233	19.549	0.272	17.782	0.069	16.19	0.031	13.675	0.076	11.94	0.01	11.08	0.01	10.78	0.01	10.618	0.024	10.711	0.025	10.624	0.033	10.513	0.033	99.999	99.999																																																																				
2858534	SSTISAGEMA_J052325.34-694813.5		108028861	1008104557	1539821456	0	1620384248	80.855624	-69.803763	19.472	0.113	17.833	0.053	16.231	0.129	13.775	0.062	12.19	0.01	11.34	0.01	11.04	0.01	10.87	0.029	10.999	0.027	10.876	0.032	10.821	0.029	99.999	99.999																																																																				
2764700	SSTISAGEMA_J052225.05-694451.0		112806412	1007848363	1539702589	0	1602457192	80.604407	-69.747527	19.365	0.152	18.469	0.071	16.876	0.063	14.247	0.097	12.57	0.02	11.67	0.01	11.36	0.01	11.028	0.023	11.097	0.028	10.969	0.032	10.869	0.03	99.999	99.999																																																																				
2803977	SSTISAGEMA_J052250.02-694727.2		118075511	1007952408	1539751734	0	1620365518	80.708418	-69.790913	20.51	0.287	18.657	0.073	16.874	0.045	14.334	0.057	12.83	0.01	11.97	0.01	11.69	0.01	11.529	0.025	11.607	0.025	11.488	0.028	11.435	0.049	99.999	99.999																																																																				
6237451	SSTISAGEMA_J052354.83-694829.2		0	1008230744	1539879187	0	1620384277	80.978466	-69.808121	99.999	99.999	99.999	99.999	99.999	99.999	99.999	99.999	11.93	0.01	11.06	0.02	10.71	0.01	10.508	0.024	10.651	0.019	10.482	0.024	10.333	0.026	99.999	99.999																																																																				
2831130	SSTISAGEMA_J052307.44-694257.6		107971298	1008026922	1539786147	0	1620447236	80.781006	-69.71601	20.015	0.311	18.482	0.176	17.366	0.074	13.524	0.126	11.82	0.01	10.96	0.02	10.58	0.02	10.185	0.035	10.36	0.026	10.179	0.026	10.1	0.031	99.999	99.999																																																																				
26855	SSTISAGEMA_J052252.62-694619.4	SSTM1SAGE1_J052252.63-694619.8	107917028	1007963430	1539756860	1529327953	1620365521	80.719279	-69.772058	20.033	0.179	19.298	0.063	17.66	0.054	14.452	0.059	12.5	0.01	11.64	0.01	11.32	0.01	11.068	0.028	11.207	0.031	10.967	0.034	10.81	0.033	9.909	0.061																																																																				
2811261	SSTISAGEMA_J052254.67-694539.3		115697130	1007971896	1539760879	0	1620447221	80.727821	-69.760935	19.559	0.264	17.318	0.059	15.591	0.044	13.201	0.155	11.8	0.01	10.96	0.01	10.71	0.02	10.501	0.024	10.673	0.02	10.495	0.031	10.467	0.025	99.999	99.999																																																																				
3052790	SSTISAGEMA_J052534.85-694850.9		119392035	1008656243	1540077529	0	1620426856	81.395218	-69.814163	19.882	0.149	18.121	0.095	16.631	0.078	13.765	0.105	12.17	0.02	11.35	0.02	11.03	0.02	10.78	0.03	10.953	0.024	10.807	0.026	10.718	0.05	99.999	99.999																																																																				
2980636	SSTISAGEMA_J052446.85-694950.0		108276923	1008452934	1539982412	0	1620405304	81.195226	-69.830566	99.999	99.999	18.914	0.153	17.42	0.096	14.497	0.058	12.73	0.01	11.84	0.01	11.52	0.01	11.368	0.022	11.447	0.022	11.304	0.034	11.293	0.051	99.999	99.999																																																																				
2783637	SSTISAGEMA_J052237.00-694434.6		107862088	1007898593	1539726334	0	1620447210	80.65419	-69.742963	99.999	99.999	19.332	0.122	17.001	0.051	14.296	0.073	12.35	0.01	11.51	0.01	11.18	0.01	10.923	0.03	11.002	0.036	10.839	0.032	10.765	0.03	99.999	99.999																																																																				
22162	SSTISAGEMA_J052226.24-693811.9	SSTM1SAGE1_J052226.25-693811.9	107824456	1007853365	1539704975	1529288436	1602523066	80.60935	-69.636652	17.642	0.057	17.372	0.069	16.108	0.041	13.85	0.053	12.41	0.01	11.55	0.01	11.28	0.01	10.979	0.033	10.937	0.026	10.766	0.028	10.48	0.027	9.043	0.054																																																																				
2908485	SSTISAGEMA_J052358.82-694702.6		108128603	1008248137	1539887136	0	1620384282	80.995111	-69.784083	99.999	99.999	17.969	0.078	16.133	0.038	13.59	0.062	12.24	0.01	11.39	0.02	11.11	0.01	10.933	0.024	11.086	0.024	10.969	0.03	10.923	0.033	99.999	99.999																																																																				
3114670	SSTISAGEMA_J052615.46-693746.8		108549584	1008835505	1540159120	0	1620065127	81.564454	-69.629691	19.91	0.175	18.125	0.085	16.697	0.057	14.368	0.047	12.93	0.02	12.07	0.01	11.77	0.01	11.543	0.021	11.696	0.027	11.53	0.029	11.461	0.033	99.999	99.999																																																																				
2751663	SSTISAGEMA_J052216.78-694951.5		107790087	1007813993	1539686174	0	1602392606	80.569955	-69.830988	99.999	99.999	18.94	0.051	16.931	0.05	14.609	0.06	13.02	0.01	12.06	0.02	11.73	0.01	11.481	0.027	11.634	0.032	11.561	0.036	11.637	0.074	99.999	99.999																																																																				
2790121	SSTISAGEMA_J052241.14-694044.6		115654782	1007915723	1539734405	0	1620208772	80.671452	-69.679074	20.568	0.31	18.59	0.141	17.082	0.068	14.259	0.052	12.61	0.01	11.72	0.01	11.42	0.01	11.281	0.027	11.422	0.022	11.336	0.032	11.304	0.037	99.999	99.999																																																																				
25300	SSTISAGEMA_J052606.55-694553.2	SSTM1SAGE1_J052606.42-694555.3	120296770	1008795274	1540141070	1529320281	1619905490	81.527316	-69.76478	20.277	0.276	17.557	0.077	16.191	0.051	13.69	0.101	12.08	0.02	11.23	0.02	10.94	0.02	10.748	0.025	10.869	0.027	10.73	0.033	10.676	0.032	9.797	0.061																																																																				
3061630	SSTISAGEMA_J052540.81-693958.6		108442081	1008681578	1540089199	0	1620269645	81.420054	-69.666299	18.702	0.118	16.789	0.144	15.178	0.054	12.49	0.196	11.48	0.02	10.61	0.02	10.37	0.021	10.185	0.021	10.352	0.02	10.19	0.025	10.132	0.031	99.999	99.999																																																																				
3051967	SSTISAGEMA_J052534.28-694025.5		108421846	1008653740	1540076417	0	1620269638	81.392852	-69.673766	18.345	0.098	16.825	0.117	15.587	0.034	13.278	0.161	11.92	0.01	11.07	0.01	10.84	0.02	10.625	0.021	10.793	0.019	10.631	0.023	10.609	0.025	99.999	99.999																																																																				
24498	SSTISAGEMA_J052538.94-694227.1	SSTM1SAGE1_J052538.90-694227.6	108437753	1008673521	1540085531	1529271659	1620508375	81.412285	-69.707543	20.044	0.112	16.905	0.069	16.946	0.056	13.2	0.537	10.82	0.02	9.88	0.02	9.827	0.024	9.158	0.032	9.025	0.02	8.83	0.045	8.73	0.02	7.696	0.021																																																																				
2911492	SSTISAGEMA_J052400.84-694543.8		115260672	1008256881	1539891112	0	1620467054	81.003506	-69.76218	99.999	99.999	17.525	0.16	15.88	0.043	13.033	0.12	11.9	0.01	11.02	0.01	10.71	0.01	10.571	0.026	10.683	0.02	10.556	0.03	10.507	0.03	99.999	99.999																																																																				
3054749	SSTISAGEMA_J052536.21-694112.1		108427336	1008661873	1540080143	0	1620508371	81.400877	-69.686716	19.162	0.139	16.947	0.085	15.11	0.044	13.488	0.196	11.7	0.01	10.87	0.02	10.65	0.02	10.419	0.025	10.636	0.022	10.451	0.025	10.426	0.033	99.999	99.999																																																																				
2946931	SSTISAGEMA_J052424.43-694145.9		108209289	1008359186	1539937643	0	1620487431	81.101827	-69.696096	99.999	99.999	19.07	0.092	17.377	0.054	14.904	0.079	13.14	0.02	12.18	0.01	11.81	0.01	11.591	0.025	11.734	0.024	11.627	0.042	11.607	0.042	99.999	99.999																																																																				
2832309	SSTISAGEMA_J052308.22-694450.0		107969175	1008030167	1539787683	0	1620447237	80.784261	-69.747227	20.576	0.238	18.085	0.068	16.727	0.05	13.915	0.072	12.56	0.01	11.66	0.01	11.39	0.01	11.213	0.024	11.307	0.022	11.141	0.029	10.972	0.07	99.999	99.999																																																																				
2843631	SSTISAGEMA_J052315.62-693952.2		107993927	1008062434	1539802197	0	1620229243	80.815095	-69.66451	99.999	99.999	17.78	0.054	16.004	0.041	13.589	0.059	12.09	0.01	11.21	0.01	10.89	0.01	10.688	0.024	10.862	0.023	10.73	0.026	10.673	0.045	99.999	99.999																																																																				
3110945	SSTISAGEMA_J052613.05-694023.5		116401371	1008824333	1540154174	0	1620065124	81.55441	-69.673221	20.249	0.246	17.859	0.091	16.128	0.033	14.362	0.049	13.03	0.02	12.21	0.01	11.96	0.01	11.803	0.031	11.962	0.031	11.841	0.035	11.811	0.041	99.999	99.999																																																																				
2762019	SSTISAGEMA_J052223.34-694713.0		107812946	1007841156	1539699209	0	1602392556	80.597255	-69.786966	20.555	0.232	18.531	0.053	16.668	0.044	14.187	0.062	12.67	0.02	11.78	0.01	11.48	0.01	11.311	0.025	11.409	0.027	11.258	0.022	11.172	0.032	99.999	99.999																																																																				
2934114	SSTISAGEMA_J052415.87-694356.6		108182635	1008322190	1539920734	0	1620487355	81.066144	-69.732405	99.999	99.999	18.311	0.078	16.653	0.06	15.598	0.266	12.52	0.01	11.59	0.02	11.27	0.01	11.148	0.028	11.276	0.021	11.136	0.034	11.152	0.032	99.999	99.999																																																																				
2962655	SSTISAGEMA_J052434.89-694557.7		108240776	1008403844	1539958565	0	1620405289	81.145388	-69.766035	20.354	0.263	17.737	0.055	16.612	0.054	13.741	0.061	12.42	0.01	11.53	0.01	11.24	0.01	11.136	0.024	11.322	0.023	11.22	0.034	11.167	0.03	99.999	99.999																																																																				
2817394	SSTISAGEMA_J052258.64-694016.6		117222725	1007988633	1539768616	0	1620208789	80.744358	-69.671291	20.486	0.295	18.652	0.051	16.593	0.064	14.542	0.059	12.97	0.01	12.09	0.01	11.83	0.01	11.639	0.025	11.687	0.023	11.546	0.038	11.542	0.041	99.999	99.999																																																																				
2851522	SSTISAGEMA_J052320.73-694111.0		123225379	1008084566	1539812354	0	1620229246	80.8364	-69.686391	99.999	99.999	18.154	0.077	16.474	0.061	14.017	0.047	12.48	0.01	11.63	0.01	11.34	0.01	11.152	0.027	11.365	0.024	11.197	0.037	11.197	0.062	99.999	99.999																																																																				
2901399	SSTISAGEMA_J052354.12-694705.5		108114624	1008227937	1539877848	0	1620384275	80.975535	-69.784874	19.656	0.173	18.058	0.095	16.278	0.06	13.527	0.111	12.28	0.01	11.42	0.01	11.14	0.01	10.97	0.028	11.076	0.033	11.007	0.03	10.951	0.028	99.999	99.999																																																																				
2838095	SSTISAGEMA_J052312.00-693952.2		119998772	1008046368	1539795066	0	1620229239	80.800036	-69.66451	20.341	0.217	18.137	0.064	16.459	0.06	14.177	0.063	12.8	0.01	11.92	0.02	11.66	0.01	11.48	0.025	11.664	0.024	11.542	0.033	11.501	0.054	99.999	99.999																																																																				
2939100	SSTISAGEMA_J052419.22-694110.8		108191817	1008336707	1539927322	0	1620249605	81.080118	-69.686341	99.999	99.999	17.721	0.077	16.121	0.08	13.928	0.093	12.45	0.02	11.61	0.01	11.33	0.01	11.128	0.032	11.161	0.023	11.061	0.03	10.984	0.037	99.999	99.999																																																																				
2835251	SSTISAGEMA_J052310.08-694137.0		107975551	1008038347	1539791411	0	1620467016	80.792014	-69.693616	20.845	0.356	18.331	0.084	16.743	0.091	14.105	0.07	12.59	0.01	11.73	0.01	11.44	0.01	11.258	0.039	11.429	0.026	11.31	0.03	11.276	0.044	99.999	99.999																																																																				
24371	SSTISAGEMA_J052536.51-694348.9	SSTM1SAGE1_J052536.40-694347.4	121829562	1008663203	1540080764	1529364978	1620508372	81.402161	-69.73026	99.999	99.999	18.354	0.11	16.2	0.052	14.121	0.108	12.46	0.02	11.6	0.02	11.31	0.01	11.144	0.029	11.291	0.025	11.149	0.028	11.085	0.027	10.34	0.086																																																																				
6723784	SSTISAGEMA_J054314.83-724056.7		0	0	1541937017	0	0	85.811827	-72.682433	99.999	99.999	99.999	99.999	99.999	99.999	99.999	99.999	13.074	0.03	12.31	0.025	11.963	0.024	11.381	0.037	11.217	0.03	11.009	0.044	10.814	0.049	99.999	99.999																																																																				
507344	SSTISAGEMA_J045201.69-681015.6		102628208	1001151600	1536692683	0	1614874859	73.007049	-68.171001	17.577	0.074	18.402	0.033	15.595	0.023	13.577	0.037	12.53	0.01	11.81	0.01	11.56	0.01	11.386	0.029	11.152	0.045	11.038	0.03	10.854	0.032	99.999	99.999																																																																				
980403	SSTISAGEMA_J050042.81-690435.1		103982500	1002708375	1537306213	0	1612886367	75.178403	-69.076431	19.509	0.111	17.125	0.034	16.471	0.04	13.931	0.041	12.85	0.01	12.05	0.01	11.71	0.01	11.121	0.028	10.957	0.03	10.955	0.028	10.748	0.032	99.999	99.999																																																																				
11269	SSTISAGEMA_J050630.48-674415.6	SSTM1SAGE1_J050630.51-674415.3	105004306	1003949026	1537868610	1529307037	1607830767	76.627031	-67.73768	99.999	99.999	22.253	0.427	19.836	0.071	15.842	0.04	13.12	0.01	12.48	0.01	12.01	0.01	11.294	0.025	11.008	0.031	10.849	0.032	10.577	0.034	9.561	0.052																																																																				
18310	SSTISAGEMA_J051705.36-683814.9	SSTM1SAGE1_J051705.44-683813.9	106863043	1006519736	1539067049	1529354355	1601661441	79.272353	-68.637474	19.241	0.125	18.276	0.13	16.539	0.045	14.156	0.039	13.22	0.02	12.58	0.01	12.12	0.02	11.358	0.026	11.235	0.025	11.016	0.026	10.9	0.032	10.22	0.076																																																																				
17084	SSTISAGEMA_J051452.67-680625.7	SSTM1SAGE1_J051452.61-680625.7	106479227	1005968248	1538804040	1529273890	1604684256	78.719466	-68.10716	99.999	99.999	18.765	0.062	16.789	0.035	13.893	0.04	12.72	0.01	12.04	0.01	11.68	0.01	11.008	0.022	10.861	0.027	10.58	0.026	9.732	0.027	8.063	0.021																																																																				
2222461	SSTISAGEMA_J051620.08-710459.0		120178985	1006338941	1538976463	0	1603847387	79.083704	-71.08308	19.77	0.148	18.798	0.039	17.229	0.04	14.335	0.028	12.91	0.01	12.19	0.01	11.84	0.01	11.158	0.025	10.972	0.028	10.789	0.03	10.645	0.029	99.999	99.999																																																																				
30157	SSTISAGEMA_J053233.26-720837.8	SSTM1SAGE1_J053233.34-720837.4	123210212	1010524255	1540898236	1529322375	0	83.138602	-72.143857	99.999	99.999	19.615	0.045	18.52	0.11	14.626	0.127	12.44	0.02	11.69	0.02	11.35	0.02	11.184	0.029	10.981	0.027	10.678	0.037	10.515	0.041	9.829	0.06																																																																				
7914	SSTISAGEMA_J050115.35-675658.7	SSTM1SAGE1_J050115.50-675659.0	104079302	1002814260	1537354279	1529361017	1611882886	75.313995	-67.949652	99.999	99.999	17.643	0.022	19.741	0.089	15.128	0.04	12.35	0.02	11.61	0.02	11.21	0.03	10.979	0.038	11.06	0.032	10.933	0.032	10.762	0.034	10.3	0.084																																																																				
2666052	SSTISAGEMA_J052121.50-684934.4		117219870	1007588234	1539576208	0	1601409460	80.339608	-68.826227	99.999	99.999	18.828	0.057	16.996	0.032	14.292	0.106	13.01	0.02	12.32	0.02	12	0.02	11.22	0.023	11.148	0.032	11.007	0.035	10.858	0.032	99.999	99.999																																																																				
10022	SSTISAGEMA_J050432.78-690133.3	SSTM1SAGE1_J050433.03-690132.5	115018474	1003505571	1537666887	1529372819	1609505016	76.136603	-69.025931	17.29	0.147	21.236	0.112	16.547	0.042	14.036	0.044	12.55	0.01	11.77	0.01	11.4	0.01	11.038	0.025	10.956	0.031	10.794	0.031	10.694	0.035	10.42	0.148																																																																				
17880	SSTISAGEMA_J051556.02-674908.4	SSTM1SAGE1_J051555.99-674907.8	117877112	1006226833	1538928742	1529338989	1602025909	78.983442	-67.819024	19.788	0.159	18.222	0.019	16.331	0.035	13.669	0.039	12.45	0.01	11.63	0.01	11.29	0.02	11.008	0.02	10.998	0.024	10.821	0.025	10.664	0.031	10.05	0.085																																																																				
7691	SSTISAGEMA_J050045.71-690921.7	SSTM1SAGE1_J050045.76-690921.9	119370969	1002717492	1537310451	1529296255	1612845799	75.19048	-69.156035	18.714	0.094	18.116	0.046	16.602	0.029	13.571	0.038	11.77	0.01	10.99	0.01	10.64	0.02	10.212	0.029	10.203	0.019	9.991	0.035	9.85	0.028	9.298	0.041																																																																				
80303	SSTISAGEMA_J051848.80-711643.2	SSTM1SAGE1_J051848.93-711642.8	0	1006952363	1539274071	1529333011	1603875652	79.703357	-71.278668	99.999	99.999	99.999	99.999	99.999	99.999	99.999	99.999	12.36	0.02	11.59	0.01	11.22	0.02	10.646	0.023	10.573	0.023	10.345	0.021	10.169	0.031	9.975	0.076																																																																				
51100	SSTISAGEMA_J052407.94-690909.7	SSTM1SAGE1_J052407.96-690909.4	0	1008287681	1539905057	1529280715	1619371144	81.033116	-69.15272	99.999	99.999	99.999	99.999	99.999	99.999	99.999	99.999	12.28	0.02	11.59	0.02	11.02	0.01	9.996	0.032	9.939	0.026	9.635	0.038	9.588	0.022	8.667	0.038																																																																				
15228	SSTISAGEMA_J051207.12-704305.7	SSTM1SAGE1_J051207.08-704306.2	105994194	1005294615	1538484837	1529295809	1607143904	78.029685	-70.71826	19.363	0.101	18.603	0.037	17.122	0.029	13.453	0.028	11.78	0.03	10.812	0.024	10.59	0.02	9.988	0.031	9.968	0.02	9.794	0.027	9.665	0.025	9.286	0.045																																																																				
17186	SSTISAGEMA_J051457.80-705155.9	SSTM1SAGE1_J051457.68-705156.4	106494096	1005989469	1538814151	1529370502	1607279173	78.740859	-70.865552	17.562	0.049	16.852	0.03	15.179	0.022	13.625	0.027	12.83	0.01	12.21	0.01	11.94	0.01	11.453	0.044	11.063	0.029	10.922	0.03	10.765	0.032	10.4	0.111																																																																				
46816	SSTISAGEMA_J053253.25-724137.7	SSTM1SAGE1_J053253.16-724138.1	0	0	1540935703	1529269823	0	83.221897	-72.693833	99.999	99.999	99.999	99.999	99.999	99.999	99.999	99.999	10.683	0.023	9.76	0.021	9.371	0.021	8.813	0.037	8.846	0.025	8.609	0.027	8.501	0.017	7.233	0.024																																																																				
20562	SSTISAGEMA_J052028.16-692422.8	SSTM1SAGE1_J052028.17-692422.6	115147598	1007370588	1539470032	1529305786	1600365387	80.117346	-69.406349	20.783	0.37	19.962	0.115	18.107	0.076	14.181	0.115	12.12	0.02	11.29	0.02	10.92	0.01	10.71	0.015	10.742	0.015	10.582	0.017	10.449	0.02	9.535	0.061																																																																				
1159	SSTISAGEMA_J044820.17-691002.5	SSTM1SAGE1_J044820.11-691002.9	118594035	1000628393	1536514465	1529412422	1616699054	72.084049	-69.167368	19.21	0.089	17.538	0.033	15.779	0.028	13.919	0.035	13.03	0.01	12.23	0.01	11.96	0.01	11.626	0.026	11.631	0.048	11.403	0.032	11.362	0.039	10.91	0.176																																																																				
3305481	SSTISAGEMA_J052821.62-691839.2		108943915	1009392858	1540409926	0	1619030815	82.090108	-69.310896	99.999	99.999	18.886	0.045	17.164	0.046	14.085	0.044	12.36	0.02	11.57	0.02	11.25	0.02	10.914	0.025	10.947	0.024	10.741	0.03	10.537	0.053	99.999	99.999																																																																				
8083	SSTISAGEMA_J050141.79-692020.5	SSTM1SAGE1_J050141.61-692020.6	104157892	1002903793	1537393754	1529285208	1612735262	75.424138	-69.339054	99.999	99.999	20.851	0.103	18.983	0.076	14.206	0.053	11.45	0.02	10.62	0.02	10.344	0.023	9.947	0.031	9.974	0.016	9.802	0.027	9.711	0.021	8.909	0.047																																																																				
25987	SSTISAGEMA_J052712.54-691300.4	SSTM1SAGE1_J052712.58-691300.3	108725259	1009091876	1540272514	1529271918	1619053735	81.802263	-69.216785	20.173	0.221	19.445	0.059	17.291	0.053	13.988	0.243	12.11	0.01	11.23	0.01	10.89	0.01	10.483	0.033	10.448	0.028	10.196	0.03	9.742	0.028	7.751	0.022																																																																				
3156	SSTISAGEMA_J045309.39-681710.8	SSTM1SAGE1_J045309.49-681711.3	118721291	1001331158	1536756887	1529349057	1614933176	73.289128	-68.286357	19.691	0.143	18.868	0.049	16.725	0.059	13.571	0.047	12.2	0.02	11.34	0.01	11.01	0.03	10.741	0.027	10.773	0.024	10.591	0.028	10.494	0.036	10.16	0.104																																																																				
37004	SSTISAGEMA_J054254.38-700807.4	SSTM1SAGE1_J054254.32-700807.5	122164918	1013065911	1541907880	1529275448	1628571370	85.726605	-70.135396	99.999	99.999	20.024	0.06	17.931	0.054	13.935	0.036	11.64	0.02	10.74	0.02	10.238	0.021	10.023	0.02	10.086	0.018	9.892	0.021	9.74	0.021	8.243	0.022																																																																				
45865	SSTISAGEMA_J052622.19-662128.4	SSTM1SAGE1_J052622.22-662128.1	0	1008865865	1540172638	1529267380	0	81.592462	-66.357901	99.999	99.999	99.999	99.999	99.999	99.999	99.999	99.999	8.667	0.024	8.002	0.045	7.736	0.026	7.451	0.032	7.573	0.022	7.392	0.02	7.153	0.018	6.188	0.014																																																																				
32394	SSTISAGEMA_J053555.23-690959.4	SSTM1SAGE1_J053555.17-690959.7	112902368	1011418390	1541259291	1529265172	0	83.980128	-69.166505	99.999	99.999	14.948	0.067	12.868	0.107	99.999	99.999	8.543	0.02	7.632	0.031	7.135	0.024	6.829	0.025	6.764	0.021	6.326	0.018	5.615	0.023	3.685	0.007																																																																				
35044	SSTISAGEMA_J053932.36-693449.9	SSTM1SAGE1_J053932.33-693449.9	120944112	1012329138	1541607298	1529265760	0	84.88484	-69.580549	18.044	0.16	14.372	0.024	13.283	0.037	10.729	0.428	8.442	0.03	7.607	0.038	7.214	0.018	6.9	0.038	7.034	0.026	6.738	0.025	6.442	0.025	4.821	0.013																																																																				
45597	SSTISAGEMA_J053110.64-663531.5	SSTM1SAGE1_J053110.63-663531.9	0	1010151719	1540741055	1529265899	0	82.794355	-66.59211	99.999	99.999	99.999	99.999	99.999	99.999	99.999	99.999	8.538	0.032	7.742	0.04	7.431	0.024	7.095	0.036	7.352	0.028	7.082	0.019	6.875	0.016	5.004	0.012																																																																				
24078	SSTISAGEMA_J052419.31-693849.1	SSTM1SAGE1_J052419.29-693849.5	118189591	1008337085	1539927495	1529265038	0	81.080486	-69.646991	19.519	0.215	16.688	0.07	13.858	0.056	99.999	99.999	8.36	0.018	7.375	0.038	6.809	0.022	6.373	0.028	6.346	0.022	6.043	0.023	5.462	0.025	3.253	0.008																																																																				
30114	SSTISAGEMA_J053235.62-675509.0	SSTM1SAGE1_J053235.61-675508.8	109744344	1010534813	1540902729	1529264986	0	83.148455	-67.91918	99.999	99.999	15.915	0.014	13.968	0.019	10.592	0.044	8.63	0.03	8.156	0.031	7.643	0.016	6.792	0.035	6.429	0.026	6.086	0.027	5.529	0.022	3.068	0.008																																																																				
4394	SSTISAGEMA_J045521.62-694716.8	SSTM1SAGE1_J045521.61-694716.6	103098171	1001706930	1536894549	1529265199	0	73.840101	-69.78801	17.668	0.049	15.194	0.026	13.597	0.024	10.414	0.096	8.925	0.023	7.95	0.026	7.618	0.022	7.465	0.028	7.237	0.022	6.921	0.018	6.362	0.023	3.799	0.006																																																																				
5637	SSTISAGEMA_J045743.29-700850.4	SSTM1SAGE1_J045743.34-700850.8	103465897	1002152565	1537063584	1529265047	0	74.430382	-70.147349	16.843	0.105	15.344	0.029	13.5	0.088	99.999	99.999	8.436	0.021	7.648	0.036	7.324	0.031	6.734	0.036	6.731	0.03	6.441	0.026	5.908	0.023	3.276	0.006																																																																				
22869	SSTISAGEMA_J052343.59-654159.7	SSTM1SAGE1_J052343.60-654159.8	108081167	0	1539857189	1529265226	0	80.931664	-65.699941	16.737	0.044	15.616	0.039	13.333	0.062	99.999	99.999	9.011	0.021	8.131	0.049	7.744	0.047	7.332	0.023	7.341	0.027	7.05	0.017	6.501	0.025	3.861	0.007																																																																				
26041	SSTISAGEMA_J052611.36-661211.3	SSTM1SAGE1_J052611.44-661213.5	120039011	1008816830	1540150787	1529265326	0	81.547334	-66.203149	99.999	99.999	16.141	0.019	13.938	0.043	99.999	99.999	9.12	0.02	8.359	0.038	7.878	0.022	7.108	0.028	6.984	0.024	6.598	0.016	6.023	0.023	4.093	0.009																																																																				
26223	SSTISAGEMA_J052734.32-665330.0	SSTM1SAGE1_J052734.29-665330.2	120695020	1009186888	1540316038	1529265454	0	81.893035	-66.891685	16.403	0.04	14.455	0.033	12.971	0.077	10.886	0.183	8.942	0.032	8.206	0.033	7.837	0.029	7.365	0.031	7.428	0.027	7.155	0.019	6.629	0.016	4.33	0.007																																																																				
29099	SSTISAGEMA_J053136.81-663007.7	SSTM1SAGE1_J053136.80-663007.7	121218273	1010270094	1540791561	1529265346	0	82.903384	-66.502166	16.15	0.064	14.588	0.016	12.6	0.088	99.999	99.999	8.476	0.023	7.728	0.029	7.374	0.024	6.953	0.027	6.936	0.024	6.666	0.019	6.244	0.025	4.128	0.012																																																																				
30114	SSTISAGEMA_J053235.62-675509.0	SSTM1SAGE1_J053235.61-675508.8	109744344	1010534813	1540902729	1529264986	0	83.148455	-67.91918	99.999	99.999	15.915	0.014	13.968	0.019	10.592	0.044	8.63	0.03	8.156	0.031	7.643	0.016	6.792	0.035	6.429	0.026	6.086	0.027	5.529	0.022	3.068	0.008																																																																				
32277	SSTISAGEMA_J053514.08-674355.8	SSTM1SAGE1_J053514.12-674355.4	116628617	1011233894	1541189038	1529265244	0	83.808703	-67.732188	16.232	0.078	14.597	0.103	15.326	0.166	9.391	0.133	9.376	0.021	8.533	0.018	8.024	0.024	7.404	0.035	7.163	0.025	6.878	0.018	6.315	0.021	3.91	0.006																																																																				
35641	SSTISAGEMA_J054048.51-693335.9	SSTM1SAGE1_J054048.47-693335.7	111145286	1012620044	1541721178	1529265077	0	85.202161	-69.559985	99.999	99.999	17.028	0.181	13.141	0.532	99.999	99.999	9.165	0.023	8.201	0.045	7.711	0.022	7.13	0.026	6.969	0.025	6.577	0.018	5.821	0.025	3.392	0.005																																																																				
																																		6	6		    OAGB	72.3932	-69.097	24318720	40159	      Kemper	13.433	13.584	13.266	12.528						2MASS J04493431-6905493	12.181	11.781	11.239	04493432-6905493	12.13	11.66	11.1	SSTISAGEMA J044934.31-690549.3	10.0871	9.6048	9.2248	8.5769	0.02592	0.02586	0.0235	0.0241	SSTM1SAGE1 J044934.31-690549.5	7.2094	0.0094															-5.36	-5.92	5555	0	6		MC J044934.31-690549.3							O-AGB          	04 49 34.38	-69 05 49.17
																																		8	8		    OAGB	72.8691	-69.9305	22400768	40159	      Kemper		21.311	19.536	17.339	OGLE-LMC-LPV-04685	18.959	16.259	1.228	883.7	2MASS J04512858-6955500	15.052	13.779	12.936	04512862-6955501	13.89	12.79	12.18	SSTISAGEMA J045128.58-695550.1	11.1326	10.6102	10.0316	9.202	0.009897	0.01024	0.0112	0.0135	SSTM1SAGE1 J045128.57-695550.1	7.2266	0.0092															-3.1	-3.02	2673	0	8		MC J045128.58-695550.1	44.1739.170  	907	911		LPV.-04685	884	O-AGB          	04 51 28.58	-69 55 49.92
																																		13	13		    OAGB	73.2896	-68.2861	22402048	40159	      Kemper	19.691	18.868	16.725	13.571						2MASS J04530941-6817109	12.263	11.307	10.988	04530940-6817110	12.2	11.34	11.01	SSTISAGEMA J045309.39-681710.8	10.7319	10.7726	10.5911	10.5096	0.01431	0.008821	0.0067	0.0041																		-4.43	-4.3	3145	0	13		MC J045309.39-681710.8	47.2127.16   	207	1122		LPV.-05538	915	O-AGB          	04 53 09.54	-68 17 10.11
																																		22	22		    OAGB	74.0969	-69.4634	22404096	40159	      Kemper	17.707	16.211	14.628	13.123						2MASS J04562323-6927489	12.416	11.74	11.43	04562322-6927489	12.15	11.53	11.21	SSTISAGEMA J045623.21-692749.0	10.5316	10.4196	10.0697	9.4969	0.01722	0.01221	0.0108	0.0103	SSTM1SAGE1 J045623.23-692749.1	7.1893	0.0095															-4.62	-4.55	3644	0	22		MC J045623.21-692749.0	17.2593.214  			u			O-AGB          	04 56 23.27	-69 27 48.05
																																		59	59	    NGC 1856 SAGE IRS 1	    OAGB	77.3734	-69.1307	22413312	40159	      Kemper		14.512	14.916							2MASS J05092957-6907505	13.15	12.755	12.619	05092952-6907502	14.22	13.54	13.48	SSTISAGEMA J050929.53-690750.3		11.892	11.4086	10.6028		0.003146	0.0031	0.0037	SSTM1SAGE1 J050929.49-690750.2	8.3868	0.0032															-3.66	-4.24	4930	0	59	NGC 1856 SAGE IRS 1      	MC J050929.53-690750.3							O-AGB          	05 09 29.54	-69 07 50.90
																																		121	121	        IRAS 05298-6957	    OAGB	82.3526	-69.9206	27084288	40159	      Kemper										2MASS J05292463-6955136			11.382	05292464-6955138	15.55	12.58		SSTISAGEMA J052924.60-695513.6	7.6008	6.8285	6.1157	5.2034	0.256	0.3336	0.4116	0.5382	SSTM1SAGE1 J052924.58-695513.7	2.1899	0.954	SSTM2SAGECC J052924.58-695515.9	2.114	111												-6.8	-7.74	2673	0	121	IRAS 05298-6957          	MC J052924.85-695519.2							O-AGB          	05 29 24.61	-69 55 14.19
																																		124	124	     SHV 0530472-690607	    OAGB	82.615	-69.0664	22429184	40159	      Kemper	21.649	20.473	20.005	14.937	OGLE-LMC-LPV-63816	17.243	14.398	1.523	213.5	2MASS J05302752-6903582	12.463	11.757	11.455	05302754-6903582	12.69	11.93	11.48	SSTISAGEMA J053027.49-690358.3	10.9042	10.7852	10.5682	10.3552	0.01221	0.008719	0.0068	0.0047	SSTM1SAGE1 J053027.56-690358.1	9.6377	0.001															-3.9	-4.01	2673	0	124	SHV 0530472-690607       	MC J053027.49-690358.3	82.8165.1133 	212	212		LPV.-63816	214	O-AGB          	05 30 27.56	-69 03 59.04
																																		130	130		    OAGB	82.8685	-70.1743	22430720	40159	      Kemper		21.353	17.485	14.244	OGLE-LMC-LPV-65660	17.527	14.393	0.521	392.6	2MASS J05312844-7010271	12.421	11.273	10.451	05312845-7010272	12.69	11.45	10.61	SSTISAGEMA J053128.44-701027.1	9.6033	9.2865	8.8086	7.8981	0.04048	0.03467	0.0345	0.045	SSTM1SAGE1 J053128.47-701027.1	5.7991	0.0343															-4.72	-4.73	2673	0	130		MC J053128.44-701027.1	7.8269.63    	401	405		LPV.-65660	393	O-AGB          	05 31 28.43	-70 10 27.65
																																		165	165	            MSX LMC 947	    OAGB	85.2584	-70.7196	22440192	40159	      Kemper	16.292	20.293	18.38	13.099	OGLE-LMC-LPV-79341	16.853	13.627	2.958	708.9	2MASS J05410195-7043109	10.138	9.249	8.781	05410198-7043109	10.15			SSTISAGEMA J054101.93-704311.0	8.3179	8.111	7.8839	7.2134	0.1322	0.1024	0.0808	0.0845	SSTM1SAGE1 J054101.94-704310.7	5.0168	0.0706															-6.54	-6.29	2673	0	165	MSX LMC 947              	MC J054103.55-704307.6	11.9834.92   	694	703		LPV.-79341	709	O-AGB          	05 41 02.04	-70 43 10.55
																																		176	176		    OAGB	85.7276	-70.1355	22443264	40159	      Kemper		20.024	17.931	13.935						2MASS J05425437-7008075	11.657	10.646	10.238	05425437-7008075	11.64	10.74		SSTISAGEMA J054254.38-700807.4	10.0199	10.0715	9.8723	9.7313	0.02758	0.01682	0.0129	0.0083	SSTM1SAGE1 J054254.32-700807.5	8.2328	0.0037															-4.95	-4.73	2673	0	176		MC J054254.38-700807.4	76.10206.25  	166	274		LPV.-81294	278	O-AGB          	05 42 54.62	-70 08 07.74
																																		204	4007	        IRAS 04407-7000	    OAGB	70.119	-69.9205	6077440	1094	      Kemper					OGLE-LMC-LPV-01312		14.862	3.977	1179	2MASS J04402848-6955135	10.657	9.485	8.693					SSTISAGEMA J044028.46-695513.6	7.149	6.7564	6.3134	5.2703	0.3881	0.3564	0.3431	0.506	SSTM1SAGE1 J044028.53-695513.6	2.5927	0.6584	SSTM2SAGECC J044028.28-695513.5	2.62	69.64												-6.81			0												
																																		226	4038	        IRAS 04516-6902	    OAGB	72.8707	-68.9639	6020096	200	       Houck					OGLE-LMC-LPV-04689		14.687	3.229	1080	2MASS J04512899-6857500	9.927	8.619	7.914	04512900-6857500	10.91	9.92		SSTISAGEMA J045128.99-685750.0	7.5551	7.1915	6.7241	5.6845	0.267	0.2387	0.235	0.3455	SSTM1SAGE1 J045128.96-685749.8	3.2447	0.3611															-7.07	-7.18	2673	0												
																																		238	4054		    OAGB	73.18	-70.7938	33283584	50092	      Gielen	16.835	16.569	15.712	14.665						2MASS J04524318-7047372	14.143	13.547	13.09	04524319-7047373	14.01	13.46	13.1	SSTISAGEMA J045243.16-704737.3	11.7802	11.1692	10.5579	9.6418	0.005451	0.006121	0.0069	0.009	SSTM1SAGE1 J045243.20-704737.5	7.4414	0.0076															-3.3	-3.58	4333	0												
																																		253	4075	        IRAS 04545-7000	    OAGB	73.542	-69.9328	17399808	30345	       Houck										2MASS J04541005-6955582	16.51	12.815	10.402	04541008-6955583	15.75	12.9	10.66	SSTISAGEMA J045410.06-695558.3	8.2721	7.5815	7.0025	6.1998	0.138	0.1667	0.1819	0.215	SSTM1SAGE1 J045410.06-695558.2	2.9872	0.4578															-6.08			0												
																																		254	4076	        IRAS 04544-6849	    OAGB	73.5596	-68.7372	11220480	3583	       Onaka		20.872	19.02	13.163	OGLE-LMC-LPV-06171	16.006	13.057	3.624	693.9	2MASS J04541429-6844141	11.142	10.277	9.554	04541430-6844141	10.49			SSTISAGEMA J045414.27-684413.9	8.0163	7.8574	7.568	6.8764	0.1746	0.1293	0.108	0.1153	SSTM1SAGE1 J045414.29-684414.1	4.8261	0.0842															-5.9	-6.56	2673	0												
																																		254	4077	        IRAS 04544-6849	    OAGB	73.5596	-68.7372	11220224	3583	       Onaka		20.872	19.02	13.163	OGLE-LMC-LPV-06171	16.006	13.057	3.624	693.9	2MASS J04541429-6844141	11.142	10.277	9.554	04541430-6844141	10.49			SSTISAGEMA J045414.27-684413.9	8.0163	7.8574	7.568	6.8764	0.1746	0.1293	0.108	0.1153	SSTM1SAGE1 J045414.29-684414.1	4.8261	0.0842															-5.92	-6.56	2673	0												
																																		254	4078	        IRAS 04544-6849	    OAGB	73.5596	-68.7372	11219456	3583	       Onaka		20.872	19.02	13.163	OGLE-LMC-LPV-06171	16.006	13.057	3.624	693.9	2MASS J04541429-6844141	11.142	10.277	9.554	04541430-6844141	10.49			SSTISAGEMA J045414.27-684413.9	8.0163	7.8574	7.568	6.8764	0.1746	0.1293	0.108	0.1153	SSTM1SAGE1 J045414.29-684414.1	4.8261	0.0842															-6.07	-6.56	2673	0												
																																		254	4079	        IRAS 04544-6849	    OAGB	73.5596	-68.7372	11219712	3583	       Onaka		20.872	19.02	13.163	OGLE-LMC-LPV-06171	16.006	13.057	3.624	693.9	2MASS J04541429-6844141	11.142	10.277	9.554	04541430-6844141	10.49			SSTISAGEMA J045414.27-684413.9	8.0163	7.8574	7.568	6.8764	0.1746	0.1293	0.108	0.1153	SSTM1SAGE1 J045414.29-684414.1	4.8261	0.0842															-5.95	-6.56	2673	0												
																																		254	4080	        IRAS 04544-6849	    OAGB	73.5596	-68.7372	11219968	3583	       Onaka		20.872	19.02	13.163	OGLE-LMC-LPV-06171	16.006	13.057	3.624	693.9	2MASS J04541429-6844141	11.142	10.277	9.554	04541430-6844141	10.49			SSTISAGEMA J045414.27-684413.9	8.0163	7.8574	7.568	6.8764	0.1746	0.1293	0.108	0.1153	SSTM1SAGE1 J045414.29-684414.1	4.8261	0.0842															-6.03	-6.56	2673	0												
																																		254	4081	        IRAS 04544-6849	    OAGB	73.5596	-68.7372	11219200	3583	       Onaka		20.872	19.02	13.163	OGLE-LMC-LPV-06171	16.006	13.057	3.624	693.9	2MASS J04541429-6844141	11.142	10.277	9.554	04541430-6844141	10.49			SSTISAGEMA J045414.27-684413.9	8.0163	7.8574	7.568	6.8764	0.1746	0.1293	0.108	0.1153	SSTM1SAGE1 J045414.29-684414.1	4.8261	0.0842															-5.95	-6.56	2673	0												
																																		265	4098	      OGLE LMC-LPV-7109	    OAGB	73.8898	-69.4164	11239168	3591	      Kemper	19.861	17.992	15.506	12.168	OGLE-LMC-LPV-07109	15.472	12.287	0.309	561.8	2MASS J04553354-6924593	9.96	8.839	8.324	04553353-6924594	9.91			SSTISAGEMA J045533.51-692459.4	7.7752	7.8125	7.5047	7.1778	0.218	0.1347	0.1145	0.0873	SSTM1SAGE1 J045533.43-692459.4	4.8314	0.0837							J73.888631-69.417227	73.8886	-69.4172		122.9	119.2	87.7	142.5	-6.9	-6.69	2673	0												
																																		309	4149	        IRAS 05003-6712	    OAGB	75.0791	-67.1328	12930048	3505	        Wood					OGLE-LMC-LPV-10933		16.434	3.429	911.1	2MASS J05294221-6857173	12.039	10.459	9.323	05294222-6857173	13.48	12.13	10.74	SSTISAGEMA J050018.99-670758.1	8.4082	7.8453	7.3389	6.3858	0.1217	0.1308	0.1334	0.1811	SSTM1SAGE1 J050018.94-670757.9	3.7666	0.2233															-5.48	-6.04	2673	0												
																																		315	4159		    OAGB	75.4312	-69.6802	33287680	50092	      Gielen	17.689	17.023	15.739	14.54						2MASS J05014345-6940483	13.576	12.977	12.598	05014347-6940484	13.63	13	12.68	SSTISAGEMA J050143.46-694048.4	11.6233	11.0242	10.4331	9.6071	0.006299	0.006996	0.0077	0.0093	SSTM1SAGE1 J050143.42-694048.7	7.8777	0.0051															-3.46	-3.63	3847	0												
																																		337	4205	                HV 2310	    OAGB	76.6159	-68.201	6014976	200	       Houck	18.287	17.831	16.412	12.167	OGLE-LMC-LPV-17881	17.414	13.481	2.543	597.8	2MASS J05062768-6812036	10.455	9.635	9.111	05062767-6812037	10.54	9.87		SSTISAGEMA J050627.67-681203.7	9.0261	8.9704	8.6818	8.456	0.06888	0.04639	0.0387	0.0269	SSTM1SAGE1 J050627.56-681203.6	7.157	0.0098															-6.12	-5.97	3000	0												
																																		371	4245		    OAGB	77.9976	-69.4258	33292800	50092	      Gielen	14.493	14.064	13.596							2MASS J05115942-6925329	12.451	12.102	11.804	05115941-6925330	12.48	12.13	11.79	SSTISAGEMA J051159.40-692532.9	10.6206	9.9077	9.2538	8.1785	0.01586	0.01956	0.0229	0.0347	SSTM1SAGE1 J051159.40-692532.5	5.8908	0.0316															-5	-5.5	5106	0												
																																		379	4254	        IRAS 05128-6455	    OAGB	78.2691	-64.8611	6024192	200	       Houck										2MASS J05130457-6451403	14.553	12.832	11.281					SSTISAGEMA J051304.57-645140.3	8.5129	7.876	7.3111	6.3918	0.1105	0.1271	0.1369	0.1801	SSTM1SAGE1 J051304.50-645140.3	3.8044	0.2157															-5.48	-5.66	2673	0												
																																		390	4267	            MSX LMC 281	    OAGB	78.3906	-66.572	33283328	50092	      Gielen	12.984	13.612	11.39	11.961						2MASS J05133374-6634191	11.602	11.347	10.941	05133374-6634189	11.73	11.48	11.03	SSTISAGEMA J051333.74-663418.9	9.7377	9.2048	8.692	7.9217	0.03576	0.03738	0.0384	0.044	SSTM1SAGE1 J051333.70-663419.0	6.2361	0.023															-6.18	-6.55	5534	0												
																																		407	4287	                 RS Men	    OAGB	78.922	-73.787	10962944	3426	     Kastner																											SSTM1SAGE2 J051541.30-734714.2	3.0843	0.4186															-6.58			1												
																																		436	4324	                HV 2446	    OAGB	80.0066	-67.5784	11218944	3583	       Onaka	19.446	19.757	18.325	12.927						2MASS J05200157-6734421	10.672	9.809	9.363	05200158-6734422	10.5	9.77		SSTISAGEMA J052001.56-673442.2	8.6138	8.2878	8.0782	7.7457	0.1007	0.08698	0.0675	0.0518	SSTM1SAGE1 J052001.56-673442.4	6.3166	0.0213															-6.08	-5.88	2673	0												
																																		436	4325	                HV 2446	    OAGB	80.0066	-67.5784	11217920	3583	       Onaka	19.446	19.757	18.325	12.927						2MASS J05200157-6734421	10.672	9.809	9.363	05200158-6734422	10.5	9.77		SSTISAGEMA J052001.56-673442.2	8.6138	8.2878	8.0782	7.7457	0.1007	0.08698	0.0675	0.0518	SSTM1SAGE1 J052001.56-673442.4	6.3166	0.0213															-6.06	-5.88	2673	0												
																																		436	4326	                HV 2446	    OAGB	80.0066	-67.5784	11218176	3583	       Onaka	19.446	19.757	18.325	12.927						2MASS J05200157-6734421	10.672	9.809	9.363	05200158-6734422	10.5	9.77		SSTISAGEMA J052001.56-673442.2	8.6138	8.2878	8.0782	7.7457	0.1007	0.08698	0.0675	0.0518	SSTM1SAGE1 J052001.56-673442.4	6.3166	0.0213															-6.03	-5.88	2673	0												
																																		436	4327	                HV 2446	    OAGB	80.0066	-67.5784	11218432	3583	       Onaka	19.446	19.757	18.325	12.927						2MASS J05200157-6734421	10.672	9.809	9.363	05200158-6734422	10.5	9.77		SSTISAGEMA J052001.56-673442.2	8.6138	8.2878	8.0782	7.7457	0.1007	0.08698	0.0675	0.0518	SSTM1SAGE1 J052001.56-673442.4	6.3166	0.0213															-6.04	-5.88	2673	0												
																																		436	4328	                HV 2446	    OAGB	80.0066	-67.5784	11218688	3583	       Onaka	19.446	19.757	18.325	12.927						2MASS J05200157-6734421	10.672	9.809	9.363	05200158-6734422	10.5	9.77		SSTISAGEMA J052001.56-673442.2	8.6138	8.2878	8.0782	7.7457	0.1007	0.08698	0.0675	0.0518	SSTM1SAGE1 J052001.56-673442.4	6.3166	0.0213															-6.05	-5.88	2673	0												
																																		436	4329	                HV 2446	    OAGB	80.0066	-67.5784	11217664	3583	       Onaka	19.446	19.757	18.325	12.927						2MASS J05200157-6734421	10.672	9.809	9.363	05200158-6734422	10.5	9.77		SSTISAGEMA J052001.56-673442.2	8.6138	8.2878	8.0782	7.7457	0.1007	0.08698	0.0675	0.0518	SSTM1SAGE1 J052001.56-673442.4	6.3166	0.0213															-6.11	-5.88	2673	0												
																																		472	4368		    OAGB	80.5882	-65.931	33284352	50092	      Gielen	19.17	17.145	15.499	13.799						2MASS J05222112-6555516	12.644	11.86	11.685	05222114-6555516	12.61	11.92	11.7	SSTISAGEMA J052221.13-655551.6	11.4675	11.5239	11.0629	10.1331	0.00727	0.004415	0.0043	0.0057	SSTM1SAGE1 J052221.09-655551.4	8.0568	0.0043															-4.08	-3.95	3467	0												
																																		536	4449	               HV 12048	    OAGB	81.7928	-69.6075	6022144	200	       Houck	15.741	19.194	15.253	13.571						2MASS J05271024-6936267	10.399	9.544	9.159	05271024-6936267	10.7	9.97		SSTISAGEMA J052710.19-693626.9	8.75	8.6375	8.3247	8.0677	0.08883	0.06303	0.0538	0.0385	SSTM1SAGE1 J052710.20-693626.6	7.1547	0.0099															-5.99	-6.08	3123	0												
																																		546	4462	                 WBP 77	    OAGB	82.028	-69.541	6021120	200	       Houck	19.664	19.522	16.295	14.677	OGLE-LMC-LPV-59168	16.685	14.187	0.78	212.1	2MASS J05280674-6932278	12.313	11.482	11.197	05280675-6932279	12.65	11.77	11.4	SSTISAGEMA J052806.72-693227.8	10.9537	11.0438	10.7811	10.5371	0.01167	0.006871	0.0056	0.004																		-4.06	-4.08	3149	0												
																																		548	4464	             HD 269599B	    OAGB	82.092	-69.1426	19151104	30869	     Kastner										2MASS J05282198-6908337		8.797	8.344	05282185-6908340	11.04	10.52		SSTISAGEMA J052821.86-690834.1	7.3684	6.5439	5.8477	5.0032	0.3171	0.4335	0.5268	0.6471	SSTM1SAGE1 J052822.13-690833.0	1.9932	1.1435	SSTM2SAGECC J052822.31-690834.4	1.036	299.7												-7.16	-7.78	2673	0												
																																		549	4465	     OGLE LMC-LPV-59849	    OAGB	82.1113	-69.2454	6021376	200	       Houck		18.545	16.45	13.869	OGLE-LMC-LPV-59849	17.176	14.118	0.336	240.7	2MASS J05282673-6914434	12.364	11.422	11.047	05282673-6914435	12.29	11.46	11.11	SSTISAGEMA J052826.71-691443.4	10.7927	10.8194	10.5959	10.505	0.01354	0.008449	0.0066	0.0041																		-4.32	-4.18	3100	0												
																																		551	4467		    OAGB	82.1335	-69.4861	6020864	200	       Houck	17.933	16.207	14.457	12.677						2MASS J05283210-6929084	11.429	10.571	10.326	05283210-6929085	11.39			SSTISAGEMA J052832.08-692908.5	10.1715	10.3419	10.2044	10.2036	0.02399	0.01311	0.0095	0.0054																		-5.26	-5.16	3433	0												
																																		558	4480	        IRAS 05294-7104	    OAGB	82.2008	-71.0414	10964992	3426	     Kastner					OGLE-LMC-LPV-60560		15.472	3.675	1137	2MASS J05284817-7102289	12.993	11.187	9.877	05284817-7102289	11.01			SSTISAGEMA J052848.15-710229.0	8.1111	7.7847	7.3393	6.2282	0.16	0.1382	0.1334	0.2094	SSTM1SAGE1 J052848.08-710229.2	3.557	0.2709															-6.21	-6.05	2673	0												
																																		560	4483	                HV 2575	    OAGB	82.2499	-67.7504	6016256	200	       Houck										2MASS J05285998-6745013	11.482	10.556	10.066	05285999-6745014	11.1	10.29		SSTISAGEMA J052859.96-674501.4	9.872	9.9121	9.6921	9.5244	0.03161	0.01949	0.0153	0.0101	SSTM1SAGE1 J052859.96-674501.9	9.1942	0.0015															-5.01	-5.06	2673	0												
																																		562	4486	                HV 2578	    OAGB	82.2632	-69.8019	6014720	200	       Houck	22.393	15.524	18.263	12.479	OGLE-LMC-LPV-61115	15.692	12.397	2.278	650.1	2MASS J05290315-6948068	9.947	9.104	8.737	05290316-6948070	10.18			SSTISAGEMA J052903.15-694806.8	8.3512	8.1524	7.9508	7.6708	0.1283	0.09853	0.0759	0.0555	SSTM1SAGE1 J052903.16-694807.0	6.1917	0.0239															-6.6	-6.37	2673	0												
																																		569	4493	            MSX LMC 610	    OAGB	82.5431	-69.1594	23884032	40650	      Looney	21.435	20.499	18.578	16.455						2MASS J05301032-6909338	14.485	13.504	12.771	05301033-6909339	14.53	13.62	12.89	SSTISAGEMA J053010.30-690933.8	10.6732	9.6247	8.6489	7.2221	0.01511	0.02539	0.0399	0.0838	SSTM1SAGE1 J053010.32-690933.9	4.3069	0.1358															-4.33	-3.9	2673	0												
																																		569	4494	            MSX LMC 610	    OAGB	82.5431	-69.1594	11238912	3591	      Kemper	21.435	20.499	18.578	16.455						2MASS J05301032-6909338	14.485	13.504	12.771	05301033-6909339	14.53	13.62	12.89	SSTISAGEMA J053010.30-690933.8	10.6732	9.6247	8.6489	7.2221	0.01511	0.02539	0.0399	0.0838	SSTM1SAGE1 J053010.32-690933.9	4.3069	0.1358															-4.47	-3.9	2673	0												
																																		599	4530	            MSX LMC 807	    OAGB	83.1549	-67.1157	10966784	3426	     Kastner										2MASS J05323716-6706564	14.406	12.317	10.647	05323717-6706565	14.63	12.73	10.95	SSTISAGEMA J053237.15-670656.5	8.0963	7.3615	6.7243	5.7874	0.1622	0.2042	0.235	0.3143	SSTM1SAGE1 J053237.18-670656.2	3.0486	0.4326															-6.08	-6.23	2673	0												
																																		603	4535	            MSX LMC 811	    OAGB	83.2151	-67.1143	17400320	30345	       Houck										2MASS J05325133-6706520		13.638	11.233	05325134-6706521	15.9	12.87	10.64	SSTISAGEMA J053251.33-670652.0	7.3243	6.5603	5.8334	4.9256	0.3302	0.427	0.5338	0.695	SSTM1SAGE1 J053251.33-670651.6	1.9265	1.216	SSTM2SAGECC J053251.28-670653.0	1.965	127.4												-6.62			0												
																																		610	4547	                HV 2669	    OAGB	83.402	-69.3869	27985408	50338	    Matsuura	15.643	14.894	13.596	12.299	OGLE-LMC-LPV-69346	13.498	12.371	0.222	91.24	2MASS J05333636-6923126	11.694	11.405	11.023	05333637-6923126	11.62	11.36	10.93	SSTISAGEMA J053336.35-692312.6	9.5298	8.8444	8.0594	6.7931	0.04332	0.05209	0.0687	0.1245	SSTM1SAGE1 J053336.33-692312.5	4.5119	0.1124															-5.6	-5.7	3935	0												
																																		622	4563		    OAGB	83.7251	-69.134	33293568	50092	      Gielen	16.936	15.15	13.513	10.394						2MASS J05345377-6908020	10.564	9.961	9.688	05345376-6908020	10.52			SSTISAGEMA J053453.75-690802.0	9.3571	9.4616	9.2689	9.1083	0.05078	0.0295	0.0226	0.0148	SSTM1SAGE1 J053453.73-690801.8	7.45	0.0075															-6.57	-6.21	3439	0												
																																		640	4595		    OAGB	84.0248	-69.9674	33291520	50092	      Gielen	15.133	14.822	14.295	13.715						2MASS J05360587-6958026	13.29	12.838	12.318	05360587-6958026	13.28	12.86	12.29	SSTISAGEMA J053605.89-695802.6	10.9077	10.2726	9.6957	8.7637	0.01218	0.01398	0.0152	0.0203	SSTM1SAGE1 J053605.84-695802.7	6.5788	0.0168															-4.32	-4.78	5052	0												
																																		657	4618	              WOH S 450	    OAGB	84.5842	-69.6257	11239424	3591	      Kemper	16.479	14.802	14.135							2MASS J05382023-6937323	7.589	6.688	6.297	05382023-6937322				SSTISAGEMA J053820.25-693732.2	6.0783	6.4822	6.022	5.8642	1.041	0.4588	0.4487	0.2928	SSTM1SAGE1 J053820.13-693732.5	5.0237	0.0702															-9.13	-8.89	2814	1												
																																		694	4670	        IRAS 05402-6956	    OAGB	84.9369	-69.9217	25648640	50147	       Sloan					OGLE-LMC-LPV-77904		19.735	5.695	1352	2MASS J05394488-6955180	14.344	11.74	9.789	05394489-6955181	14.25	11.96	10.09	SSTISAGEMA J053944.88-695518.0	7.3684	6.7179	6.0409	5.0314	0.3171	0.3693	0.4409	0.6305	SSTM1SAGE1 J053944.93-695518.1	2.2507	0.9021															-6.71			0												
																																		765	4777	               HV 12667	    OAGB	87.3059	-70.7112	6015232	200	       Houck										2MASS J05491335-7042406	10.823	10.019	9.445	05491333-7042407	10.83	10.09		SSTISAGEMA J054913.35-704240.6	8.5851	8.2989	8.0889	7.7829	0.1034	0.08609	0.0669	0.05	SSTM1SAGE1 J054913.30-704240.8	6.472	0.0185															-5.72	-6	2673	0												
																																		770	4784	               HV 12070	    OAGB	88.1159	-69.2361	6016512	200	       Houck	21.927	16.917	15.152	14.385						2MASS J05522785-6914100	10.605	9.754	9.204	05522784-6914101	10.42	9.45		SSTISAGEMA J055227.83-691410.1	8.5665	8.3839	8.1996	7.9963	0.1052	0.07961	0.0604	0.0411	SSTM1SAGE1 J055227.82-691410.3	7.01	0.0113															-6.07	-5.92	2800	0												
																																		772	4790	        IRAS 05558-7000	    OAGB	88.8378	-70.0008	25649152	50147	       Sloan					OGLE-LMC-LPV-88443		16.804	4.328	1133	2MASS J05552103-7000030	11.985	10.341	9.127					SSTISAGEMA J055521.02-700003.2	8.1664	7.5877	7.0383	5.8672	0.1521	0.1657	0.176	0.292	SSTM1SAGE1 J055521.06-700003.3	2.9772	0.462															-6.33			0												
																																		772	4791	        IRAS 05558-7000	    OAGB	88.8378	-70.0008	6077184	1094	      Kemper					OGLE-LMC-LPV-88443		16.804	4.328	1133	2MASS J05552103-7000030	11.985	10.341	9.127					SSTISAGEMA J055521.02-700003.2	8.1664	7.5877	7.0383	5.8672	0.1521	0.1657	0.176	0.292	SSTM1SAGE1 J055521.06-700003.3	2.9772	0.462															-6.33			0												
																																		780	4806	              WOH S 527	    OAGB	90.2131	-66.7443	25035776	472	       Cohen	14.689	12.888	11.452							2MASS J06005105-6644395	8.558	7.786	7.516					SSTISAGEMA J060051.06-664439.5	7.5219	7.619	7.5219	7.4919	0.2753	0.1611	0.1127	0.0654	SSTM1SAGE2 J060051.10-664439.6	7.3832	0.008															-8.18	-8.85	4076	1												
																																		787	4814	                 VV Dor	    OAGB	91.6992	-66.8035	10972416	3426	     Kastner										2MASS J06064779-6648125	6.327	5.414	4.851					SSTISAGEMA J060647.79-664812.5		4.3861	4.1284	3.9233		3.163	2.5665	1.7495	SSTM1SAGE2 J060647.81-664812.6	2.8591	0.5151															-10.04	-10.74	2673	1												
																																						86.443125	-67.5442111																																																			185		MC J054546.32-673239.4	68.10608.258 	484	491				O-AGB          	05 45 46.35	-67 32 39.16
